grid,longitude,latitude,train,park,cafe_all,population,cafe_chain,cafe_common
�ㅼ궗42aa50ba,126.844771,37.553153,,우장,,529.0,,
�ㅼ궗41bb52bb,126.841762,37.573417,,궁산,,38.0,,
�ㅼ궗44ab51aa,126.870205,37.557798,,염창,,231.0,,
�ㅼ궗39ba53ab,126.816243,37.577778,,꿩고개,,1853.0,,
�ㅼ궗43ab49aa,126.859038,37.539711,,봉제산,,245.0,,
�ㅼ궗38ba54ba,126.804813,37.588978,,개화,,,,
�ㅼ궗43aa50ba,126.856092,37.553215,,등마루,구스카토,464.0,,구스카토
�ㅼ궗42ba52ba,126.850275,37.57121,,공암나루,,152.0,,
�ㅼ궗42bb52aa,126.853145,37.566719,,구암,,1570.0,,
�ㅼ궗43bb51ba,126.864506,37.562274,,황금내,,,,
�ㅼ궗41bb51ab,126.841881,37.559897,,원당,파스쿠찌,960.0,,파스쿠찌
�ㅼ궗41bb51ab,126.841881,37.559897,,원당,더벤티,960.0,더벤티,
�ㅼ궗41bb51ab,126.841881,37.559897,,원당,설래임엔씨,960.0,,설래임엔씨
�ㅼ궗41bb51ab,126.841881,37.559897,,원당,아이캔커피,960.0,,아이캔커피
�ㅼ궗41bb51ab,126.841881,37.559897,,원당,페이브,960.0,,페이브
�ㅼ궗41bb51bb,126.841842,37.564404,,등촌,,3020.0,,
�ㅼ궗42ba51ab,126.850373,37.559944,,서낭당,,948.0,,
�ㅼ궗39ab53ba,126.813391,37.580015,,방화,버블베어,2418.0,,버블베어
�ㅼ궗39ab53ba,126.813391,37.580015,,방화,커피에반하다,2418.0,,커피에반하다
�ㅼ궗39ab53ba,126.813391,37.580015,,방화,카페엔드,2418.0,,카페엔드
�ㅼ궗40aa52bb,126.821946,37.573304,,옹기골,필립앤노아,1372.0,,필립앤노아
�ㅼ궗42bb51aa,126.853223,37.557706,,매화,카페레오,915.0,,카페레오
�ㅼ궗42bb51aa,126.853223,37.557706,,매화,경복비즈니스고등학교학교기업,915.0,,경복비즈니스고등학교학교기업
�ㅼ궗42bb51aa,126.853223,37.557706,,매화,더벤티,915.0,더벤티,
�ㅼ궗42aa48bb,126.844909,37.53738,,까치산,붕붕이커피,1957.0,,붕붕이커피
�ㅼ궗42aa48bb,126.844909,37.53738,,까치산,레피다브런치,1957.0,,레피다브런치
�ㅼ궗42aa48bb,126.844909,37.53738,,까치산,킵고카페,1957.0,,킵고카페
�ㅼ궗42aa48bb,126.844909,37.53738,,까치산,카페,1957.0,,카페
�ㅼ궗40bb50ab,126.83064,37.55082,,수명산,와이블랙,1003.0,,와이블랙
�ㅼ궗40bb50ab,126.83064,37.55082,,수명산,고양이는귀여워,1003.0,,고양이는귀여워
�ㅼ궗40bb50ab,126.83064,37.55082,,수명산,캔카페,1003.0,,캔카페
�ㅼ궗40bb50ab,126.83064,37.55082,,수명산,더포인,1003.0,,더포인
�ㅼ궗40ab50bb,126.824939,37.555295,,발산,,1379.0,,
�ㅼ궗40bb52ab,126.830479,37.568846,,서울식물원,,,,
�ㅼ궗39ab52aa,126.813515,37.566496,,마곡나루,샤론,1797.0,,샤론
�ㅼ궗39ab52aa,126.813515,37.566496,,마곡나루,카페,1797.0,,카페
�ㅼ궗39ab52aa,126.813515,37.566496,,마곡나루,샤론,1797.0,,샤론
�ㅼ궗39ab52aa,126.813515,37.566496,,마곡나루,카페민잇,1797.0,,카페민잇
�ㅼ궗39ab51aa,126.813598,37.557483,,마곡하늬,콩아의카페공간,2251.0,,콩아의카페공간
�ㅼ궗44ba50aa,126.873111,37.5488,,이수,FromViet,3672.0,,FromViet
�ㅼ궗44ab50ab,126.870262,37.551038,,백합,금란,2816.0,,금란
�ㅼ궗44ab50ab,126.870262,37.551038,,백합,푸른초장,2816.0,,푸른초장
�ㅼ궗44ab50ab,126.870262,37.551038,,백합,디저트A,2816.0,,디저트A
�ㅼ궗44bb50ab,126.875922,37.551069,,아리수,이웃집타타로,3250.0,,이웃집타타로
�ㅼ궗43aa51ab,126.856034,37.559975,,등서,설빙,3408.0,,설빙
�ㅼ궗43aa51ab,126.856034,37.559975,,등서,타임유스터디카페,3408.0,,타임유스터디카페
�ㅼ궗43aa51ab,126.856034,37.559975,,등서,쥬씨가양대교점,3408.0,,쥬씨가양대교점
�ㅼ궗43aa51ab,126.856034,37.559975,,등서,커피101스트릿,3408.0,,커피101스트릿
�ㅼ궗43aa51ab,126.856034,37.559975,,등서,더플롯,3408.0,,더플롯
�ㅼ궗43aa51ab,126.856034,37.559975,,등서,프리카페,3408.0,,프리카페
�ㅼ궗43aa51ab,126.856034,37.559975,,등서,매머드익스프레스가양스카이밸리점,3408.0,,매머드익스프레스가양스카이밸리점
�ㅼ궗43aa51ab,126.856034,37.559975,,등서,카페비토,3408.0,,카페비토
�ㅼ궗43aa51ab,126.856034,37.559975,,등서,써니커피,3408.0,,써니커피
�ㅼ궗43aa51ab,126.856034,37.559975,,등서,커피사피엔스가양더스카이밸리5차,3408.0,,커피사피엔스가양더스카이밸리5차
�ㅼ궗43bb50ba,126.864582,37.553261,,백석,라루라루,2397.0,,라루라루
�ㅼ궗43bb50ba,126.864582,37.553261,,백석,윤s커피,2397.0,,윤s커피
�ㅼ궗43bb50ba,126.864582,37.553261,,백석,윤스,2397.0,,윤스
�ㅼ궗43bb50ba,126.864582,37.553261,,백석,카페,2397.0,,카페
�ㅼ궗43bb50ba,126.864582,37.553261,,백석,라떼유,2397.0,,라떼유
�ㅼ궗43aa50bb,126.856072,37.555469,,등마루,야무진대장간,2202.0,,야무진대장간
�ㅼ궗43aa50bb,126.856072,37.555469,,등마루,디저트레오,2202.0,,디저트레오
�ㅼ궗43aa50bb,126.856072,37.555469,,등마루,바이엔,2202.0,,바이엔
�ㅼ궗43aa50bb,126.856072,37.555469,,등마루,고양이똥3,2202.0,,고양이똥3
�ㅼ궗43aa50bb,126.856072,37.555469,,등마루,카페,2202.0,,카페
�ㅼ궗43aa50bb,126.856072,37.555469,,등마루,카페팬시,2202.0,,카페팬시
�ㅼ궗43ba50bb,126.861733,37.555499,,도림,모디피,3613.0,,모디피
�ㅼ궗43ba50bb,126.861733,37.555499,,도림,슬로프커피,3613.0,,슬로프커피
�ㅼ궗43ba50bb,126.861733,37.555499,,도림,카페잇당,3613.0,,카페잇당
�ㅼ궗43ab49bb,126.85898,37.546471,,능안,카페노킹온,2696.0,,카페노킹온
�ㅼ궗43ab49bb,126.85898,37.546471,,능안,양다방,2696.0,,양다방
�ㅼ궗43ab49bb,126.85898,37.546471,,능안,바른마카롱,2696.0,,바른마카롱
�ㅼ궗41bb51ab,126.841881,37.559897,,한마음,파스쿠찌,960.0,,파스쿠찌
�ㅼ궗41bb51ab,126.841881,37.559897,,한마음,더벤티,960.0,더벤티,
�ㅼ궗41bb51ab,126.841881,37.559897,,한마음,설래임엔씨,960.0,,설래임엔씨
�ㅼ궗41bb51ab,126.841881,37.559897,,한마음,아이캔커피,960.0,,아이캔커피
�ㅼ궗41bb51ab,126.841881,37.559897,,한마음,페이브,960.0,,페이브
�ㅼ궗42bb51ba,126.853184,37.562213,,새나라,컴포즈커피,2615.0,,컴포즈커피
�ㅼ궗42bb51ba,126.853184,37.562213,,새나라,롯데시네마가양,2615.0,,롯데시네마가양
�ㅼ궗42bb51ba,126.853184,37.562213,,새나라,비에뜨반미,2615.0,,비에뜨반미
�ㅼ궗42bb51ba,126.853184,37.562213,,새나라,24시무인카페RO,2615.0,,24시무인카페RO
�ㅼ궗42bb51ba,126.853184,37.562213,,새나라,소프트리가양점,2615.0,,소프트리가양점
�ㅼ궗42bb51ba,126.853184,37.562213,,새나라,고로케하우스,2615.0,,고로케하우스
�ㅼ궗42bb51ba,126.853184,37.562213,,새나라,스타벅스,2615.0,스타벅스,
�ㅼ궗42bb51ba,126.853184,37.562213,,새나라,갤러리카페나팔,2615.0,,갤러리카페나팔
�ㅼ궗42bb51ba,126.853184,37.562213,,새나라,유니버셜커피,2615.0,,유니버셜커피
�ㅼ궗42bb51ba,126.853184,37.562213,,새나라,호두붐가양역,2615.0,,호두붐가양역
�ㅼ궗42bb51ba,126.853184,37.562213,,새나라,GS,2615.0,,GS
�ㅼ궗42bb51ba,126.853184,37.562213,,새나라,메가엠지씨커피,2615.0,,메가엠지씨커피
�ㅼ궗42bb51ba,126.853184,37.562213,,새나라,렬광커피,2615.0,,렬광커피
�ㅼ궗42aa51ab,126.844712,37.559913,,백합,7080라이브이락,2101.0,,7080라이브이락
�ㅼ궗42aa51ab,126.844712,37.559913,,백합,팔공티,2101.0,,팔공티
�ㅼ궗42aa51ab,126.844712,37.559913,,백합,빽다방,2101.0,,빽다방
�ㅼ궗42aa51ab,126.844712,37.559913,,백합,약초마을,2101.0,,약초마을
�ㅼ궗42aa51ab,126.844712,37.559913,,백합,메가커피등촌,2101.0,,메가커피등촌
�ㅼ궗42ab51ba,126.847522,37.562182,,채송화,,3087.0,,
�ㅼ궗42ab51ab,126.847542,37.559929,,푸르매,로직커피로스터스,3077.0,,로직커피로스터스
�ㅼ궗42ab51ab,126.847542,37.559929,,푸르매,컴포즈커피,3077.0,,컴포즈커피
�ㅼ궗42ab51ab,126.847542,37.559929,,푸르매,포트캔커피,3077.0,,포트캔커피
�ㅼ궗41ba51ab,126.839051,37.559881,,새벗,스타벅스,113.0,스타벅스,
�ㅼ궗41ba51ab,126.839051,37.559881,,새벗,MEISTERCOFFEE,113.0,,MEISTERCOFFEE
�ㅼ궗41ba51ab,126.839051,37.559881,,새벗,놀숲,113.0,,놀숲
�ㅼ궗41ba51ab,126.839051,37.559881,,새벗,커피르네상스,113.0,,커피르네상스
�ㅼ궗41ba51ab,126.839051,37.559881,,새벗,REPUBLICOFCOFFEE,113.0,,REPUBLICOFCOFFEE
�ㅼ궗41ba51ab,126.839051,37.559881,,새벗,커멍커멍,113.0,,커멍커멍
�ㅼ궗41ba51ab,126.839051,37.559881,,새벗,이디아,113.0,,이디아
�ㅼ궗41ba51ab,126.839051,37.559881,,새벗,메가커피,113.0,,메가커피
�ㅼ궗41ba51ab,126.839051,37.559881,,새벗,리퍼블릭오브커피,113.0,,리퍼블릭오브커피
�ㅼ궗41ba51ab,126.839051,37.559881,,새벗,Twosomeplace,113.0,,Twosomeplace
�ㅼ궗41ba51ab,126.839051,37.559881,,새벗,미스터힐링,113.0,,미스터힐링
�ㅼ궗41ba51ab,126.839051,37.559881,,새벗,카페,113.0,,카페
�ㅼ궗41ba51ab,126.839051,37.559881,,새벗,허니더프2020,113.0,,허니더프2020
�ㅼ궗41ba51ab,126.839051,37.559881,,새벗,샵힘이나는커피생활,113.0,,샵힘이나는커피생활
�ㅼ궗41ba51ab,126.839051,37.559881,,새벗,스카이,113.0,,스카이
�ㅼ궗42ab51ba,126.847522,37.562182,,코끼리,,3087.0,,
�ㅼ궗42aa49ba,126.84485,37.54414,,구름,고양이나무,1560.0,,고양이나무
�ㅼ궗42aa49ab,126.844869,37.541887,,볏골,와플대학,2310.0,,와플대학
�ㅼ궗42aa49ab,126.844869,37.541887,,볏골,이디야커피,2310.0,,이디야커피
�ㅼ궗42aa49ab,126.844869,37.541887,,볏골,메가엠지씨커피,2310.0,,메가엠지씨커피
�ㅼ궗42aa49ab,126.844869,37.541887,,볏골,댄싱컵,2310.0,,댄싱컵
�ㅼ궗42aa49aa,126.844889,37.539634,,노을,카페인중독,3327.0,,카페인중독
�ㅼ궗42aa49aa,126.844889,37.539634,,노을,구흐망디즈,3327.0,,구흐망디즈
�ㅼ궗42aa48bb,126.844909,37.53738,,까치산,붕붕이커피,1957.0,,붕붕이커피
�ㅼ궗42aa48bb,126.844909,37.53738,,까치산,레피다브런치,1957.0,,레피다브런치
�ㅼ궗42aa48bb,126.844909,37.53738,,까치산,킵고카페,1957.0,,킵고카페
�ㅼ궗42aa48bb,126.844909,37.53738,,까치산,카페,1957.0,,카페
�ㅼ궗42ab49ab,126.847699,37.541903,,비둘기,일층카페,2619.0,,일층카페
�ㅼ궗42ab49ab,126.847699,37.541903,,비둘기,카페오월,2619.0,,카페오월
�ㅼ궗42ab49ab,126.847699,37.541903,,비둘기,뎁스Depth,2619.0,,뎁스Depth
�ㅼ궗42ab49ab,126.847699,37.541903,,비둘기,뎁스커피,2619.0,,뎁스커피
�ㅼ궗42ab49ba,126.84768,37.544156,,큰별,픽업커피,3020.0,,픽업커피
�ㅼ궗42aa49bb,126.84483,37.546393,,꿈돌이,이디야커피우장산동점,2667.0,,이디야커피우장산동점
�ㅼ궗42aa49bb,126.84483,37.546393,,꿈돌이,이디야커피,2667.0,,이디야커피
�ㅼ궗42aa49bb,126.84483,37.546393,,꿈돌이,그루스터디카페,2667.0,,그루스터디카페
�ㅼ궗42aa49bb,126.84483,37.546393,,꿈돌이,컴포즈커피,2667.0,,컴포즈커피
�ㅼ궗42aa49bb,126.84483,37.546393,,꿈돌이,더콩24무인카페,2667.0,,더콩24무인카페
�ㅼ궗42aa49bb,126.84483,37.546393,,꿈돌이,투썸플레이스,2667.0,투썸플레이스,
�ㅼ궗42ab49bb,126.84766,37.546409,,소나무,이디야커피,3181.0,,이디야커피
�ㅼ궗42ab49bb,126.84766,37.546409,,소나무,우주라이크커피PC앤카페,3181.0,,우주라이크커피PC앤카페
�ㅼ궗42ab49bb,126.84766,37.546409,,소나무,까로치아,3181.0,,까로치아
�ㅼ궗42ab49bb,126.84766,37.546409,,소나무,프로그빈,3181.0,,프로그빈
�ㅼ궗42ba49bb,126.85049,37.546425,,산새,블랙벤자민,2511.0,,블랙벤자민
�ㅼ궗42ba49bb,126.85049,37.546425,,산새,커피기술,2511.0,,커피기술
�ㅼ궗42ab49aa,126.847719,37.539649,,박장,,3254.0,,
�ㅼ궗42ab49aa,126.847719,37.539649,,참새,,3254.0,,
�ㅼ궗42ba48bb,126.850568,37.537412,,한글,,2353.0,,
�ㅼ궗41ba48aa,126.839309,37.530589,,효심,카페오소,2491.0,,카페오소
�ㅼ궗41ba48aa,126.839309,37.530589,,효심,커피앤플레이스,2491.0,,커피앤플레이스
�ㅼ궗41ba48aa,126.839309,37.530589,,효심,에스프레소코코,2491.0,,에스프레소코코
�ㅼ궗41ba48aa,126.839309,37.530589,,효심,이디야커피,2491.0,,이디야커피
�ㅼ궗41bb48aa,126.842139,37.530605,,버들,,4530.0,,
�ㅼ궗41ba48aa,126.839309,37.530589,,필마,카페오소,2491.0,,카페오소
�ㅼ궗41ba48aa,126.839309,37.530589,,필마,커피앤플레이스,2491.0,,커피앤플레이스
�ㅼ궗41ba48aa,126.839309,37.530589,,필마,에스프레소코코,2491.0,,에스프레소코코
�ㅼ궗41ba48aa,126.839309,37.530589,,필마,이디야커피,2491.0,,이디야커피
�ㅼ궗42aa48ab,126.844948,37.532874,,다운,이디야커피,2017.0,,이디야커피
�ㅼ궗42aa48ab,126.844948,37.532874,,다운,맥켄지커피,2017.0,,맥켄지커피
�ㅼ궗42aa48ab,126.844948,37.532874,,다운,맥켄지커피,2017.0,,맥켄지커피
�ㅼ궗42aa48ab,126.844948,37.532874,,다운,스타벅스,2017.0,스타벅스,
�ㅼ궗42aa48ab,126.844948,37.532874,,다운,노력스터디카페,2017.0,,노력스터디카페
�ㅼ궗42aa47bb,126.844988,37.528367,,호돌이,달아달아,2420.0,,달아달아
�ㅼ궗42aa48aa,126.844968,37.530621,,곰돌이,커피볶는곤이네집,4296.0,,커피볶는곤이네집
�ㅼ궗42aa48aa,126.844968,37.530621,,곰돌이,카페칠백,4296.0,,카페칠백
�ㅼ궗43aa48ab,126.856266,37.532936,,골말,샵,3167.0,,샵
�ㅼ궗43aa48ab,126.856266,37.532936,,골말,수애·더챔플,3167.0,,수애·더챔플
�ㅼ궗43aa48ab,126.856266,37.532936,,골말,메가엠지씨커피,3167.0,,메가엠지씨커피
�ㅼ궗43aa48aa,126.856285,37.530683,,뜸부기,과당,1968.0,,과당
�ㅼ궗42bb48aa,126.853456,37.530667,,하마터,애니팡팡,2401.0,,애니팡팡
�ㅼ궗42bb48aa,126.853456,37.530667,,하마터,달리는커피,2401.0,,달리는커피
�ㅼ궗42bb48aa,126.853456,37.530667,,하마터,서울강서지역자활센터-카페,2401.0,,서울강서지역자활센터-카페
�ㅼ궗42bb48aa,126.853456,37.530667,,하마터,내커피,2401.0,,내커피
�ㅼ궗42bb48aa,126.853456,37.530667,,하마터,반달커피서울,2401.0,,반달커피서울
�ㅼ궗41aa49ba,126.83353,37.544077,,바탕골,오늘도열었을거야,3455.0,,오늘도열었을거야
�ㅼ궗41aa49ba,126.83353,37.544077,,바탕골,카페푸릇,3455.0,,카페푸릇
�ㅼ궗41aa49ba,126.83353,37.544077,,바탕골,아띠랑스,3455.0,,아띠랑스
�ㅼ궗41aa50aa,126.83349,37.548583,,미리내,초심스터디카페,1279.9999999999998,,초심스터디카페
�ㅼ궗41aa50aa,126.83349,37.548583,,미리내,로웰클래스스터디카페,1279.9999999999998,,로웰클래스스터디카페
�ㅼ궗41aa50aa,126.83349,37.548583,,미리내,아마스빈,1279.9999999999998,,아마스빈
�ㅼ궗41aa50aa,126.83349,37.548583,,미리내,요거프레소화곡푸르지오점,1279.9999999999998,,요거프레소화곡푸르지오점
�ㅼ궗41aa50aa,126.83349,37.548583,,미리내,보라크레페,1279.9999999999998,,보라크레페
�ㅼ궗41aa50aa,126.83349,37.548583,,미리내,프리키,1279.9999999999998,,프리키
�ㅼ궗41aa50aa,126.83349,37.548583,,미리내,팔공티,1279.9999999999998,,팔공티
�ㅼ궗41aa50aa,126.83349,37.548583,,미리내,소나카페테라,1279.9999999999998,,소나카페테라
�ㅼ궗41aa50aa,126.83349,37.548583,,미리내,카페드렌,1279.9999999999998,,카페드렌
�ㅼ궗41aa50aa,126.83349,37.548583,,미리내,카페그록,1279.9999999999998,,카페그록
�ㅼ궗41aa50aa,126.83349,37.548583,,미리내,조엘의커피&밀크,1279.9999999999998,,조엘의커피&밀크
�ㅼ궗41aa49ab,126.83355,37.541824,,수명산,카페라루라루,2351.0,,카페라루라루
�ㅼ궗41ab49ba,126.83636,37.544093,,대원,소라커피숍,2043.0,,소라커피숍
�ㅼ궗41ab49ba,126.83636,37.544093,,대원,비에이블스터디카페,2043.0,,비에이블스터디카페
�ㅼ궗41ab49ba,126.83636,37.544093,,대원,카페코야,2043.0,,카페코야
�ㅼ궗41ab49ba,126.83636,37.544093,,대원,카페,2043.0,,카페
�ㅼ궗41ab49ba,126.83636,37.544093,,대원,투브이,2043.0,,투브이
�ㅼ궗41ab49ba,126.83636,37.544093,,대원,스터디고,2043.0,,스터디고
�ㅼ궗41ab49ba,126.83636,37.544093,,대원,히든플래닛,2043.0,,히든플래닛
�ㅼ궗41ab49ba,126.83636,37.544093,,대원,최군커피,2043.0,,최군커피
�ㅼ궗41ab49ba,126.83636,37.544093,,대원,카페로와,2043.0,,카페로와
�ㅼ궗41ab49ba,126.83636,37.544093,,대원,메가엠지씨커피우장산숲,2043.0,,메가엠지씨커피우장산숲
�ㅼ궗41ab49ba,126.83636,37.544093,,대원,플랫폼1021,2043.0,,플랫폼1021
�ㅼ궗41ab49ba,126.83636,37.544093,,대원,071COFFEE,2043.0,,071COFFEE
�ㅼ궗41aa49bb,126.83351,37.54633,,천사,달보드레,3259.0,,달보드레
�ㅼ궗43ab48aa,126.859115,37.530698,,두레,카페두드림,1894.0,,카페두드림
�ㅼ궗43ab48aa,126.859115,37.530698,,두레,마카롱드쌤,1894.0,,마카롱드쌤
�ㅼ궗43ab48aa,126.859115,37.530698,,두레,비쥬디저트샵,1894.0,,비쥬디저트샵
�ㅼ궗43ba48aa,126.861944,37.530714,,달빛,카카오독애견카페,2074.0,,카카오독애견카페
�ㅼ궗43ba48aa,126.861944,37.530714,,달빛,무드오더,2074.0,,무드오더
�ㅼ궗43ba48aa,126.861944,37.530714,,달빛,프레쉬플러스,2074.0,,프레쉬플러스
�ㅼ궗43ba48ab,126.861925,37.532967,,무지개,빽다방-목동사거리점,1740.0,,빽다방-목동사거리점
�ㅼ궗43ba48ab,126.861925,37.532967,,무지개,광커피,1740.0,,광커피
�ㅼ궗43ba48ab,126.861925,37.532967,,무지개,레드카페,1740.0,,레드카페
�ㅼ궗43ba48ab,126.861925,37.532967,,무지개,우노,1740.0,,우노
�ㅼ궗43ba48ab,126.861925,37.532967,,무지개,아가랑키즈클럽,1740.0,,아가랑키즈클럽
�ㅼ궗43ba48ab,126.861925,37.532967,,무지개,REYNARD,1740.0,,REYNARD
�ㅼ궗43ba48ab,126.861925,37.532967,,무지개,레이너드커피,1740.0,,레이너드커피
�ㅼ궗43ba48ab,126.861925,37.532967,,무지개,블랑,1740.0,,블랑
�ㅼ궗43ba48ab,126.861925,37.532967,,무지개,메가엠지씨커피,1740.0,,메가엠지씨커피
�ㅼ궗43ba48ab,126.861925,37.532967,,무지개,카페,1740.0,,카페
�ㅼ궗43ba48ab,126.861925,37.532967,,무지개,이공커피,1740.0,,이공커피
�ㅼ궗43ba48ab,126.861925,37.532967,,무지개,컴포즈커피,1740.0,,컴포즈커피
�ㅼ궗43aa48bb,126.856227,37.537443,,능골,감자스터디카페,2063.0,,감자스터디카페
�ㅼ궗43ab48ba,126.859076,37.535205,,종달새,코다차야,3148.0,,코다차야
�ㅼ궗43ab48ba,126.859076,37.535205,,종달새,스무디킹,3148.0,,스무디킹
�ㅼ궗43ab48ba,126.859076,37.535205,,종달새,품다,3148.0,,품다
�ㅼ궗41ba50ab,126.83913,37.550868,,화곡2주구1,카페세라,3094.0,,카페세라
�ㅼ궗41ba50aa,126.83915,37.548615,,화곡2주구2,,4203.0,,
�ㅼ궗41bb49ba,126.84202,37.544124,,범바위,카페드까사,1868.0,,카페드까사
�ㅼ궗41bb49ba,126.84202,37.544124,,범바위,티테디오스,1868.0,,티테디오스
�ㅼ궗41bb49ba,126.84202,37.544124,,범바위,쉬즈베이글,1868.0,,쉬즈베이글
�ㅼ궗42aa50aa,126.84481,37.548647,,개나리,,1313.0,,
�ㅼ궗41ab49bb,126.83634,37.546346,,화곡3주구1,이스포츠카페,1384.0,,이스포츠카페
�ㅼ궗41ab49bb,126.83634,37.546346,,화곡3주구1,커피에반하다,1384.0,,커피에반하다
�ㅼ궗41ab49bb,126.83634,37.546346,,화곡3주구1,허니네커피,1384.0,,허니네커피
�ㅼ궗41ab49bb,126.83634,37.546346,,화곡3주구1,카페29,1384.0,,카페29
�ㅼ궗41ab49bb,126.83634,37.546346,,화곡3주구1,UCafe,1384.0,,UCafe
�ㅼ궗41ab49bb,126.83634,37.546346,,화곡3주구1,카페오니,1384.0,,카페오니
�ㅼ궗41ba49ba,126.83919,37.544109,,화곡3주구2,그레이,1493.0,,그레이
�ㅼ궗41ba49ba,126.83919,37.544109,,화곡3주구2,커피콩,1493.0,,커피콩
�ㅼ궗41ba49ba,126.83919,37.544109,,화곡3주구2,공룡커피,1493.0,,공룡커피
�ㅼ궗41ba49ba,126.83919,37.544109,,화곡3주구2,나무카페,1493.0,,나무카페
�ㅼ궗42ab50aa,126.84764,37.548662,,역말,한일다방,2525.0,,한일다방
�ㅼ궗42ab50aa,126.84764,37.548662,,역말,어바웃커피,2525.0,,어바웃커피
�ㅼ궗42ab50aa,126.84764,37.548662,,역말,컴포즈커피,2525.0,,컴포즈커피
�ㅼ궗42ab50ab,126.847621,37.550916,,새말,조은커피,2747.0,,조은커피
�ㅼ궗42ab50ab,126.847621,37.550916,,새말,올에프앤비,2747.0,,올에프앤비
�ㅼ궗42ab50ab,126.847621,37.550916,,새말,카페,2747.0,,카페
�ㅼ궗42bb50bb,126.853242,37.555453,,연지,띠아모커피강서구청사거리점,2023.0,,띠아모커피강서구청사거리점
�ㅼ궗42bb50bb,126.853242,37.555453,,연지,더플롯커피,2023.0,,더플롯커피
�ㅼ궗42bb50bb,126.853242,37.555453,,연지,셀렉토커피,2023.0,,셀렉토커피
�ㅼ궗42bb50ab,126.853281,37.550947,,백연,홈런카페,1739.0,,홈런카페
�ㅼ궗42bb50ab,126.853281,37.550947,,백연,칸데레커피화곡점,1739.0,,칸데레커피화곡점
�ㅼ궗41ba48bb,126.83925,37.537349,,솔뫼,커피퐁당,2546.0,,커피퐁당
�ㅼ궗41ba48bb,126.83925,37.537349,,솔뫼,크로플각,2546.0,,크로플각
�ㅼ궗41ba48bb,126.83925,37.537349,,솔뫼,코끼리크로플,2546.0,,코끼리크로플
�ㅼ궗41ba48bb,126.83925,37.537349,,솔뫼,마쵸커피,2546.0,,마쵸커피
�ㅼ궗41ab48ba,126.83644,37.53508,,월정,감자스터디카페,1937.0,,감자스터디카페
�ㅼ궗41ab48ba,126.83644,37.53508,,월정,쥬씨화곡시장점,1937.0,,쥬씨화곡시장점
�ㅼ궗41ab48ba,126.83644,37.53508,,월정,백작부인,1937.0,,백작부인
�ㅼ궗41ab48ba,126.83644,37.53508,,월정,카페동네,1937.0,,카페동네
�ㅼ궗41ab48bb,126.83642,37.537333,,초롱,애프터커피숍,1876.0,,애프터커피숍
�ㅼ궗41ab48bb,126.83642,37.537333,,초롱,카페연영,1876.0,,카페연영
�ㅼ궗41ab48bb,126.83642,37.537333,,초롱,마리웨일마카롱,1876.0,,마리웨일마카롱
�ㅼ궗41ba48ba,126.83927,37.535096,,은행,이디야커피,2742.0,,이디야커피
�ㅼ궗41ba48ba,126.83927,37.535096,,은행,이디아,2742.0,,이디아
�ㅼ궗41ba48ba,126.83927,37.535096,,은행,에그맛있다,2742.0,,에그맛있다
�ㅼ궗41ba48ba,126.83927,37.535096,,은행,메가엠지씨커피화곡,2742.0,,메가엠지씨커피화곡
�ㅼ궗41ba48ba,126.83927,37.535096,,은행,코지옐로,2742.0,,코지옐로
�ㅼ궗41ba48ba,126.83927,37.535096,,은행,은이트리,2742.0,,은이트리
�ㅼ궗41bb48ab,126.842119,37.532858,,까치산,블레스,3026.0,,블레스
�ㅼ궗41bb48ab,126.842119,37.532858,,까치산,브라이트,3026.0,,브라이트
�ㅼ궗42ab48ab,126.847778,37.53289,까치산,배다리,커피볶는집와플에숍,2383.0,,커피볶는집와플에숍
�ㅼ궗42ab48ab,126.847778,37.53289,까치산,배다리,까치산커피,2383.0,,까치산커피
�ㅼ궗42ab48ab,126.847778,37.53289,까치산,배다리,별이네커피집,2383.0,,별이네커피집
�ㅼ궗42ab48ab,126.847778,37.53289,까치산,배다리,"다시,안녕",2383.0,,"다시,안녕"
�ㅼ궗42ab48ab,126.847778,37.53289,까치산,배다리,더마카롱,2383.0,,더마카롱
�ㅼ궗42ab48ab,126.847778,37.53289,까치산,배다리,더벤티,2383.0,더벤티,
�ㅼ궗42ab48ab,126.847778,37.53289,까치산,배다리,빽다방,2383.0,,빽다방
�ㅼ궗42ab48ab,126.847778,37.53289,까치산,배다리,토프레소까치산점,2383.0,,토프레소까치산점
�ㅼ궗42ab48ab,126.847778,37.53289,까치산,배다리,컴포즈커피,2383.0,,컴포즈커피
�ㅼ궗42ab48ab,126.847778,37.53289,까치산,배다리,프리미엄스터디카페씨앤,2383.0,,프리미엄스터디카페씨앤
�ㅼ궗42ab48ab,126.847778,37.53289,까치산,배다리,카페,2383.0,,카페
�ㅼ궗42ba48ba,126.850588,37.535158,,안골,로이커피,3542.0,,로이커피
�ㅼ궗42ab48bb,126.847739,37.537396,,대무,요거프레소,3211.0,,요거프레소
�ㅼ궗42ba48aa,126.850627,37.530652,,모태,카페,2579.0,,카페
�ㅼ궗42ba48aa,126.850627,37.530652,,모태,다향전통차,2579.0,,다향전통차
�ㅼ궗42ba48aa,126.850627,37.530652,,모태,봉명동내커피양천구,2579.0,,봉명동내커피양천구
�ㅼ궗42ba48aa,126.850627,37.530652,,모태,카페아크,2579.0,,카페아크
�ㅼ궗42ba48aa,126.850627,37.530652,,모태,컴포즈커피,2579.0,,컴포즈커피
�ㅼ궗42ab48ba,126.847758,37.535143,,더부리,감자스터디카페,3004.0,,감자스터디카페
�ㅼ궗42ab48ba,126.847758,37.535143,,더부리,메가엠지씨커피까치산,3004.0,,메가엠지씨커피까치산
�ㅼ궗42ab48ba,126.847758,37.535143,,더부리,메이크미요거트,3004.0,,메이크미요거트
�ㅼ궗42aa52ba,126.844613,37.571179,,나들이,,3084.0,,
�ㅼ궗42ab52ab,126.847464,37.568942,,아름,,1041.0,,
�ㅼ궗42ab52ba,126.847444,37.571195,,꽃동네,,2215.0,,
�ㅼ궗42aa52ab,126.844633,37.568926,,가양,,600.0,,
�ㅼ궗43aa52aa,126.855975,37.566735,,엄지,나우커피,1231.0,,나우커피
�ㅼ궗42ba51bb,126.850333,37.564451,,무지개,네스카페,1279.0,,네스카페
�ㅼ궗42ba51bb,126.850333,37.564451,,무지개,미스터커피앤,1279.0,,미스터커피앤
�ㅼ궗42ba51bb,126.850333,37.564451,,무지개,메고지고,1279.0,,메고지고
�ㅼ궗42ba51bb,126.850333,37.564451,,무지개,더카페가양홈플러스점,1279.0,,더카페가양홈플러스점
�ㅼ궗42ba51bb,126.850333,37.564451,,무지개,보통의일상,1279.0,,보통의일상
�ㅼ궗42ba51bb,126.850333,37.564451,,무지개,모리셔스브라운,1279.0,,모리셔스브라운
�ㅼ궗42ba51bb,126.850333,37.564451,,무지개,에스엠커피숍,1279.0,,에스엠커피숍
�ㅼ궗42ba51bb,126.850333,37.564451,,무지개,공차홈플러스,1279.0,,공차홈플러스
�ㅼ궗43aa51bb,126.855995,37.564482,,풀피리,,2634.0,,
�ㅼ궗43ab51ba,126.858845,37.562244,,곰돌이,메가엠지씨커피가양초점,1829.0,,메가엠지씨커피가양초점
�ㅼ궗43ba51ab,126.861694,37.560006,,비둘기,릴리앤리야,1825.0,,릴리앤리야
�ㅼ궗43ba51ba,126.861675,37.562259,,진달래,,3216.0,,
�ㅼ궗41aa50ba,126.83345,37.55309,,발음,카페굿뉴스,2443.0,,카페굿뉴스
�ㅼ궗41aa50ba,126.83345,37.55309,,발음,코코써니,2443.0,,코코써니
�ㅼ궗41aa50ba,126.83345,37.55309,,발음,사이판,2443.0,,사이판
�ㅼ궗40aa49bb,126.822191,37.546266,,광명,,492.0,,
�ㅼ궗40ba50ba,126.82779,37.553058,,수정,리트웨이,1916.0,,리트웨이
�ㅼ궗40ba50ba,126.82779,37.553058,,수정,와플대학,1916.0,,와플대학
�ㅼ궗40ba50ba,126.82779,37.553058,,수정,브루클린커피,1916.0,,브루클린커피
�ㅼ궗40ba50ba,126.82779,37.553058,,수정,WECCAFE,1916.0,,WECCAFE
�ㅼ궗40ba50ba,126.82779,37.553058,,수정,메가엠지씨커피마곡,1916.0,,메가엠지씨커피마곡
�ㅼ궗40ba50ba,126.82779,37.553058,,수정,커피웨어하우스,1916.0,,커피웨어하우스
�ㅼ궗40aa50ba,126.822129,37.553025,,은행나무,,319.0,,
�ㅼ궗40aa49bb,126.822191,37.546266,,신광명,,492.0,,
�ㅼ궗41bb51aa,126.841901,37.557644,,원당,카페숨,1440.0,,카페숨
�ㅼ궗41bb51aa,126.841901,37.557644,,원당,카페넬비코로,1440.0,,카페넬비코로
�ㅼ궗41bb51aa,126.841901,37.557644,,원당,죽앤카페,1440.0,,죽앤카페
�ㅼ궗41bb51aa,126.841901,37.557644,,원당,메종드올리,1440.0,,메종드올리
�ㅼ궗41bb51aa,126.841901,37.557644,,원당,카페넬비코로(CAFEN),1440.0,,카페넬비코로(CAFEN)
�ㅼ궗41bb51aa,126.841901,37.557644,,원당,솔채카페,1440.0,,솔채카페
�ㅼ궗41ba50bb,126.839091,37.555375,,가곡,올소스터디테이블,3621.0,,올소스터디테이블
�ㅼ궗41ba50bb,126.839091,37.555375,,가곡,에스뜨레야,3621.0,,에스뜨레야
�ㅼ궗41ba50bb,126.839091,37.555375,,꿈빛,올소스터디테이블,3621.0,,올소스터디테이블
�ㅼ궗41ba50bb,126.839091,37.555375,,꿈빛,에스뜨레야,3621.0,,에스뜨레야
�ㅼ궗39ba50bb,126.816448,37.555246,,활주로,메리앤슈,1448.0,,메리앤슈
�ㅼ궗39ba50bb,126.816448,37.555246,,활주로,까소엔더카페,1448.0,,까소엔더카페
�ㅼ궗39ba50bb,126.816448,37.555246,,활주로,씨엘로커피,1448.0,,씨엘로커피
�ㅼ궗39ba50bb,126.816448,37.555246,,활주로,라니크,1448.0,,라니크
�ㅼ궗39bb50bb,126.819279,37.555262,,다솔,밀로,973.0,,밀로
�ㅼ궗39ab51aa,126.813598,37.557483,,장미,콩아의카페공간,2251.0,,콩아의카페공간
�ㅼ궗39aa51ab,126.810746,37.559719,,송정,온오프커피,2432.0,,온오프커피
�ㅼ궗39aa51ab,126.810746,37.559719,,송정,트립커피,2432.0,,트립커피
�ㅼ궗39aa51ab,126.810746,37.559719,,송정,커피메이드,2432.0,,커피메이드
�ㅼ궗39aa51ab,126.810746,37.559719,,송정,테베르베이크,2432.0,,테베르베이크
�ㅼ궗39aa51ab,126.810746,37.559719,,송정,카페65,2432.0,,카페65
�ㅼ궗39aa51ab,126.810746,37.559719,,송정,베트남쌍둥이커피,2432.0,,베트남쌍둥이커피
�ㅼ궗39ba52ba,126.816304,37.571019,,쌈지,카페,1903.0,,카페
�ㅼ궗39ba52ba,126.816304,37.571019,,쌈지,카페,1903.0,,카페
�ㅼ궗39ab52bb,126.813453,37.573255,,개나리,더마실카페,1550.0,,더마실카페
�ㅼ궗39ab52bb,126.813453,37.573255,,개나리,양지순천집&멀티커피,1550.0,,양지순천집&멀티커피
�ㅼ궗39ab52bb,126.813453,37.573255,,개나리,슈가플래닛,1550.0,,슈가플래닛
�ㅼ궗39ab52bb,126.813453,37.573255,,개나리,커피볶는집,1550.0,,커피볶는집
�ㅼ궗39ab52bb,126.813453,37.573255,,개나리,방화동커피,1550.0,,방화동커피
�ㅼ궗39ab52bb,126.813453,37.573255,,개나리,스윗제니,1550.0,,스윗제니
�ㅼ궗39ab52bb,126.813453,37.573255,,개나리,커피타임,1550.0,,커피타임
�ㅼ궗39ba52ab,126.816325,37.568765,,긴등,커피공작소,1232.0,,커피공작소
�ㅼ궗39ba52ab,126.816325,37.568765,,긴등,마미스카페,1232.0,,마미스카페
�ㅼ궗39ba52ab,126.816325,37.568765,,긴등,당신의테이블,1232.0,,당신의테이블
�ㅼ궗39ba51bb,126.816366,37.564259,,문성,,1056.0,,
�ㅼ궗39ab53aa,126.813432,37.575509,,새싹,8커피,2909.0,,8커피
�ㅼ궗39ab53aa,126.813432,37.575509,,새싹,더파이앤커피,2909.0,,더파이앤커피
�ㅼ궗39ab53aa,126.813432,37.575509,,새싹,감성커피,2909.0,,감성커피
�ㅼ궗39bb52ba,126.819135,37.571035,,도레미,카페,1304.0,,카페
�ㅼ궗39bb52ba,126.819135,37.571035,,도레미,카페,1304.0,,카페
�ㅼ궗40aa52ba,126.821966,37.571051,,들꽃,팔공티롯데슈퍼,2068.0,,팔공티롯데슈퍼
�ㅼ궗40aa52ba,126.821966,37.571051,,들꽃,뭄미,2068.0,,뭄미
�ㅼ궗40aa52ba,126.821966,37.571051,,들꽃,이디아신방화중앙점,2068.0,,이디아신방화중앙점
�ㅼ궗40aa52ba,126.821966,37.571051,,들꽃,커피상담원,2068.0,,커피상담원
�ㅼ궗40aa52ba,126.821966,37.571051,,들꽃,카페하늘,2068.0,,카페하늘
�ㅼ궗40aa52ba,126.821966,37.571051,,들꽃,블랑누아,2068.0,,블랑누아
�ㅼ궗40aa52ba,126.821966,37.571051,,들꽃,블리스냅,2068.0,,블리스냅
�ㅼ궗40aa52ba,126.821966,37.571051,,들꽃,팔공티,2068.0,,팔공티
�ㅼ궗40aa52ba,126.821966,37.571051,,들꽃,슈가플래닛,2068.0,,슈가플래닛
�ㅼ궗40aa52ba,126.821966,37.571051,,들꽃,연이당,2068.0,,연이당
�ㅼ궗38bb52aa,126.807853,37.566463,,봉선화,GS25,2299.0,,GS25
�ㅼ궗38bb52aa,126.807853,37.566463,,봉선화,어썸밀,2299.0,,어썸밀
�ㅼ궗38bb52aa,126.807853,37.566463,,민들레,GS25,2299.0,,GS25
�ㅼ궗38bb52aa,126.807853,37.566463,,민들레,어썸밀,2299.0,,어썸밀
�ㅼ궗38bb52ba,126.807812,37.570969,,내촌,나인커피로스터스개화산점(NINECOFFEEROASTERS),3505.0,,나인커피로스터스개화산점(NINECOFFEEROASTERS)
�ㅼ궗38bb52ba,126.807812,37.570969,,내촌,더벤티,3505.0,더벤티,
�ㅼ궗38bb52ba,126.807812,37.570969,,내촌,앵글드,3505.0,,앵글드
�ㅼ궗39ba54aa,126.816181,37.584538,,신대부석,,,,
�ㅼ궗38bb51bb,126.807874,37.564209,,목련,커피박스커피전문점,1747.0,,커피박스커피전문점
�ㅼ궗38bb51bb,126.807874,37.564209,,목련,카페34WALTZ,1747.0,,카페34WALTZ
�ㅼ궗38bb51bb,126.807874,37.564209,,목련,더블코드,1747.0,,더블코드
�ㅼ궗39aa52bb,126.810622,37.573239,,샛별,빽다방방화사거리점,1035.0,,빽다방방화사거리점
�ㅼ궗39aa52bb,126.810622,37.573239,,샛별,콘레드커피,1035.0,,콘레드커피
�ㅼ궗39aa52bb,126.810622,37.573239,,샛별,기본스터디카페,1035.0,,기본스터디카페
�ㅼ궗39aa52bb,126.810622,37.573239,,샛별,Coffeebay,1035.0,,Coffeebay
�ㅼ궗39aa52bb,126.810622,37.573239,,샛별,자매로그,1035.0,,자매로그
�ㅼ궗39aa52bb,126.810622,37.573239,,샛별,메가엠지씨커피,1035.0,,메가엠지씨커피
�ㅼ궗39aa52ab,126.810663,37.568732,,새싹교통,커피더캠프로스터스&디저트,2048.0,,커피더캠프로스터스&디저트
�ㅼ궗38bb52ba,126.807812,37.570969,,은하수,나인커피로스터스개화산점(NINECOFFEEROASTERS),3505.0,,나인커피로스터스개화산점(NINECOFFEEROASTERS)
�ㅼ궗38bb52ba,126.807812,37.570969,,은하수,더벤티,3505.0,더벤티,
�ㅼ궗38bb52ba,126.807812,37.570969,,은하수,앵글드,3505.0,,앵글드
�ㅼ궗39aa53ab,126.81058,37.577745,,능말,커피공방,4053.0,,커피공방
�ㅼ궗39aa53ab,126.81058,37.577745,,능말,커피이레,4053.0,,커피이레
�ㅼ궗39ab53ab,126.813411,37.577762,방화,메아리,컴포즈커피,1954.0,,컴포즈커피
�ㅼ궗39ab53ab,126.813411,37.577762,방화,메아리,카페벨라노이,1954.0,,카페벨라노이
�ㅼ궗39ab53ab,126.813411,37.577762,방화,메아리,타임스터디카페,1954.0,,타임스터디카페
�ㅼ궗39ab53ab,126.813411,37.577762,방화,메아리,아임일리터,1954.0,,아임일리터
�ㅼ궗39ab53ab,126.813411,37.577762,방화,메아리,이디야커피,1954.0,,이디야커피
�ㅼ궗39ab53ab,126.813411,37.577762,방화,메아리,메가엠지씨커피,1954.0,,메가엠지씨커피
�ㅼ궗39ab53ab,126.813411,37.577762,방화,메아리,목카페,1954.0,,목카페
�ㅼ궗39ab53ab,126.813411,37.577762,방화,메아리,발도스,1954.0,,발도스
�ㅼ궗39ab53ab,126.813411,37.577762,방화,메아리,알파카,1954.0,,알파카
�ㅼ궗39aa53ba,126.81056,37.579998,,느티,까페마켓,844.0,,까페마켓
�ㅼ궗39bb53aa,126.819094,37.575541,,돌샘,,2091.0,,
�ㅼ궗39bb53aa,126.819094,37.575541,,꿈나무,,2091.0,,
�ㅼ궗39ab53ba,126.813391,37.580015,,개화,버블베어,2418.0,,버블베어
�ㅼ궗39ab53ba,126.813391,37.580015,,개화,커피에반하다,2418.0,,커피에반하다
�ㅼ궗39ab53ba,126.813391,37.580015,,개화,카페엔드,2418.0,,카페엔드
�ㅼ궗39bb51ba,126.819217,37.562022,,긴등마을,GS25,3234.0,,GS25
�ㅼ궗39bb51ba,126.819217,37.562022,,긴등마을,컴포즈커피,3234.0,,컴포즈커피
�ㅼ궗39bb51ba,126.819217,37.562022,,긴등마을,메가엠지씨커피강서세무서점,3234.0,,메가엠지씨커피강서세무서점
�ㅼ궗39bb51bb,126.819197,37.564275,,꿈자람,,2718.0,,
�ㅼ궗39bb51ba,126.819217,37.562022,,다솜,GS25,3234.0,,GS25
�ㅼ궗39bb51ba,126.819217,37.562022,,다솜,컴포즈커피,3234.0,,컴포즈커피
�ㅼ궗39bb51ba,126.819217,37.562022,,다솜,메가엠지씨커피강서세무서점,3234.0,,메가엠지씨커피강서세무서점
�ㅼ궗39ba51aa,126.816428,37.557499,,풀잎,,1677.9999999999998,,
�ㅼ궗40ab52ba,126.824797,37.571067,,푸르미,,731.0,,
�ㅼ궗40aa51bb,126.822027,37.564291,,예솔,,3112.0,,
�ㅼ궗40ab50bb,126.824939,37.555295,,솔,,1379.0,,
�ㅼ궗40ba50bb,126.82777,37.555311,,햇빛,,3769.0,,
�ㅼ궗40ba52ab,126.827648,37.56883,,마곡지구4호,본죽,1024.0,,본죽
�ㅼ궗40ba52ab,126.827648,37.56883,,마곡지구4호,제일커피,1024.0,,제일커피
�ㅼ궗40ba52ab,126.827648,37.56883,,마곡지구4호,터치카페마곡,1024.0,,터치카페마곡
�ㅼ궗40ba52ab,126.827648,37.56883,,마곡지구4호,212베이크샵,1024.0,,212베이크샵
�ㅼ궗40ba52ab,126.827648,37.56883,,마곡지구4호,커피홀,1024.0,,커피홀
�ㅼ궗40ba52ab,126.827648,37.56883,,마곡지구4호,공차,1024.0,,공차
�ㅼ궗40ba52ab,126.827648,37.56883,,마곡지구4호,에그드랍마곡나루역점,1024.0,,에그드랍마곡나루역점
�ㅼ궗40ba52ab,126.827648,37.56883,,마곡지구4호,빽다방,1024.0,,빽다방
�ㅼ궗40ba52ab,126.827648,37.56883,,마곡지구4호,2nd우드진,1024.0,,2nd우드진
�ㅼ궗40ba52ab,126.827648,37.56883,,마곡지구4호,언니네커피,1024.0,,언니네커피
�ㅼ궗40ba52ab,126.827648,37.56883,,마곡지구4호,블레스롤,1024.0,,블레스롤
�ㅼ궗40ba52ab,126.827648,37.56883,,마곡지구4호,커피베이,1024.0,,커피베이
�ㅼ궗40ba52ab,126.827648,37.56883,,마곡지구4호,베러댄와플,1024.0,,베러댄와플
�ㅼ궗40ba52ab,126.827648,37.56883,,마곡지구4호,투어카페,1024.0,,투어카페
�ㅼ궗40ba52ab,126.827648,37.56883,,마곡지구4호,카페게이트,1024.0,,카페게이트
�ㅼ궗40ba52ab,126.827648,37.56883,,마곡지구4호,아리미디저트,1024.0,,아리미디저트
�ㅼ궗40ba52ab,126.827648,37.56883,,마곡지구4호,더벤티,1024.0,더벤티,
�ㅼ궗40ba52ab,126.827648,37.56883,,마곡지구4호,쥬씨차얌마곡,1024.0,,쥬씨차얌마곡
�ㅼ궗40ba52ab,126.827648,37.56883,,마곡지구4호,블루나일트레이딩,1024.0,,블루나일트레이딩
�ㅼ궗40ba52ab,126.827648,37.56883,,마곡지구4호,카페,1024.0,,카페
�ㅼ궗40ba52ab,126.827648,37.56883,,마곡지구4호,Cafe.Passante,1024.0,,Cafe.Passante
�ㅼ궗40ba52ab,126.827648,37.56883,,마곡지구4호,로흐ROUHE,1024.0,,로흐ROUHE
�ㅼ궗40ba52ab,126.827648,37.56883,,마곡지구4호,하삼동커피마곡나루역점,1024.0,,하삼동커피마곡나루역점
�ㅼ궗40ba52ab,126.827648,37.56883,,마곡지구4호,국민우유집마곡,1024.0,,국민우유집마곡
�ㅼ궗40ba52ab,126.827648,37.56883,,마곡지구4호,카페플랫,1024.0,,카페플랫
�ㅼ궗40ba52ab,126.827648,37.56883,,마곡지구4호,오트앤아이보리,1024.0,,오트앤아이보리
�ㅼ궗40bb49ba,126.830701,37.544061,,푸른수명산,,2227.0,,
�ㅼ궗40aa52aa,126.822007,37.566545,,마곡,,1117.0,,
�ㅼ궗44ab50aa,126.870281,37.548785,,염창,실용지구,2074.0,,실용지구
�ㅼ궗44ab50aa,126.870281,37.548785,,염창,맥반석커피,2074.0,,맥반석커피
�ㅼ궗44ab50aa,126.870281,37.548785,,염창,미자네,2074.0,,미자네
�ㅼ궗44ab50aa,126.870281,37.548785,,염창,소이조이,2074.0,,소이조이
�ㅼ궗44ba50ab,126.873092,37.551054,,염창2,레즐리컵LESELYCUP,2449.0,,레즐리컵LESELYCUP
�ㅼ궗44ba50ab,126.873092,37.551054,,염창2,커피베이,2449.0,,커피베이
�ㅼ궗44ba50ab,126.873092,37.551054,,염창2,이디야커피,2449.0,,이디야커피
�ㅼ궗44ba50ab,126.873092,37.551054,,염창2,하비커피,2449.0,,하비커피
�ㅼ궗42ab52aa,126.847483,37.566688,,탑산(가양동),코지스,1050.0,,코지스
�ㅼ궗42ab52aa,126.847483,37.566688,,탑산(가양동),카페머물다,1050.0,,카페머물다
�ㅼ궗42ab52aa,126.847483,37.566688,,탑산(가양동),우리동네일등가양커피집,1050.0,,우리동네일등가양커피집
�ㅼ궗42ab52aa,126.847483,37.566688,,탑산(가양동),디유케이커피,1050.0,,디유케이커피
�ㅼ궗42ab52aa,126.847483,37.566688,,탑산(가양동),매머드익스프레스강서한강자이타워16호,1050.0,,매머드익스프레스강서한강자이타워16호
�ㅼ궗42ab52aa,126.847483,37.566688,,탑산(가양동),카페머물다,1050.0,,카페머물다
�ㅼ궗42ab52aa,126.847483,37.566688,,탑산(가양동),이디야커피,1050.0,,이디야커피
�ㅼ궗42ab52aa,126.847483,37.566688,,탑산(가양동),커피더캠프,1050.0,,커피더캠프
�ㅼ궗42ab52aa,126.847483,37.566688,,탑산(가양동),카페게이트,1050.0,,카페게이트
�ㅼ궗42ab52aa,126.847483,37.566688,,탑산(가양동),감성커피,1050.0,,감성커피
�ㅼ궗42ab52aa,126.847483,37.566688,,탑산(가양동),메가엠지씨커피강서,1050.0,,메가엠지씨커피강서
�ㅼ궗40bb51aa,126.83058,37.55758,,새개,이디야커피,196.0,,이디야커피
�ㅼ궗40bb51aa,126.83058,37.55758,,새개,르돌치1946,196.0,,르돌치1946
�ㅼ궗40bb51aa,126.83058,37.55758,,새개,텐퍼센트커피,196.0,,텐퍼센트커피
�ㅼ궗40bb51aa,126.83058,37.55758,,새개,카페홈즈,196.0,,카페홈즈
�ㅼ궗40bb51aa,126.83058,37.55758,,새개,탐앤탐스,196.0,,탐앤탐스
�ㅼ궗40bb51aa,126.83058,37.55758,,새개,커피사피엔스파인스퀘어마곡,196.0,,커피사피엔스파인스퀘어마곡
�ㅼ궗40bb51aa,126.83058,37.55758,,새개,커피사피엔스파인스퀘어,196.0,,커피사피엔스파인스퀘어
�ㅼ궗40bb51aa,126.83058,37.55758,,새개,드롭탑,196.0,,드롭탑
�ㅼ궗40bb51aa,126.83058,37.55758,,새개,남의커피,196.0,,남의커피
�ㅼ궗40bb51aa,126.83058,37.55758,,새개,헬로우데어,196.0,,헬로우데어
�ㅼ궗40bb51aa,126.83058,37.55758,,새개,주다카롱,196.0,,주다카롱
�ㅼ궗40bb51aa,126.83058,37.55758,,새개,"오늘도,카페일리터",196.0,,"오늘도,카페일리터"
�ㅼ궗40bb51aa,126.83058,37.55758,,새개,아무렴,196.0,,아무렴
�ㅼ궗40bb51aa,126.83058,37.55758,,새개,파더스베이글,196.0,,파더스베이글
�ㅼ궗40bb51aa,126.83058,37.55758,,새개,하이,196.0,,하이
�ㅼ궗40bb51aa,126.83058,37.55758,,새개,커피니스,196.0,,커피니스
�ㅼ궗42ab52aa,126.847483,37.566688,,놋다리,코지스,1050.0,,코지스
�ㅼ궗42ab52aa,126.847483,37.566688,,놋다리,카페머물다,1050.0,,카페머물다
�ㅼ궗42ab52aa,126.847483,37.566688,,놋다리,우리동네일등가양커피집,1050.0,,우리동네일등가양커피집
�ㅼ궗42ab52aa,126.847483,37.566688,,놋다리,디유케이커피,1050.0,,디유케이커피
�ㅼ궗42ab52aa,126.847483,37.566688,,놋다리,매머드익스프레스강서한강자이타워16호,1050.0,,매머드익스프레스강서한강자이타워16호
�ㅼ궗42ab52aa,126.847483,37.566688,,놋다리,카페머물다,1050.0,,카페머물다
�ㅼ궗42ab52aa,126.847483,37.566688,,놋다리,이디야커피,1050.0,,이디야커피
�ㅼ궗42ab52aa,126.847483,37.566688,,놋다리,커피더캠프,1050.0,,커피더캠프
�ㅼ궗42ab52aa,126.847483,37.566688,,놋다리,카페게이트,1050.0,,카페게이트
�ㅼ궗42ab52aa,126.847483,37.566688,,놋다리,감성커피,1050.0,,감성커피
�ㅼ궗42ab52aa,126.847483,37.566688,,놋다리,메가엠지씨커피강서,1050.0,,메가엠지씨커피강서
�ㅼ궗40ba52ba,126.827628,37.571084,,똘고랑,,,,
�ㅼ궗41ba52aa,126.838991,37.566641,,선두암,커피빈코리아양천향교역점,443.0,,커피빈코리아양천향교역점
�ㅼ궗41ba52aa,126.838991,37.566641,,선두암,매머드커피익스프레스,443.0,,매머드커피익스프레스
�ㅼ궗41ba52aa,126.838991,37.566641,,선두암,커피분의커피,443.0,,커피분의커피
�ㅼ궗41ba52aa,126.838991,37.566641,,선두암,플레이홀덤스튜디오,443.0,,플레이홀덤스튜디오
�ㅼ궗41ba52aa,126.838991,37.566641,,선두암,하피,443.0,,하피
�ㅼ궗41ba52aa,126.838991,37.566641,,선두암,프롬프루트,443.0,,프롬프루트
�ㅼ궗40bb51ba,126.830539,37.562087,,한다리,,,,
�ㅼ궗41ab51ab,126.83622,37.559865,,가로공원1호,컴포즈커피,1302.0,,컴포즈커피
�ㅼ궗41ab51ab,126.83622,37.559865,,가로공원1호,진심커피,1302.0,,진심커피
�ㅼ궗41ab51ab,126.83622,37.559865,,가로공원1호,deomelette,1302.0,,deomelette
�ㅼ궗41ab51ab,126.83622,37.559865,,가로공원1호,힐링데이더쌍화커피,1302.0,,힐링데이더쌍화커피
�ㅼ궗41ab51ab,126.83622,37.559865,,가로공원1호,아로하커피,1302.0,,아로하커피
�ㅼ궗41ab51ab,126.83622,37.559865,,가로공원1호,남대문커피,1302.0,,남대문커피
�ㅼ궗41ab51ab,126.83622,37.559865,,가로공원1호,홍베이팡마곡,1302.0,,홍베이팡마곡
�ㅼ궗41ab51ab,126.83622,37.559865,,가로공원1호,스답커피,1302.0,,스답커피
�ㅼ궗41ab51ab,126.83622,37.559865,,가로공원1호,타이거슈가,1302.0,,타이거슈가
�ㅼ궗41ab51ab,126.83622,37.559865,,가로공원1호,커피메이드,1302.0,,커피메이드
�ㅼ궗41ab51ab,126.83622,37.559865,,가로공원1호,할리스커피마곡퀸즈파크나인점,1302.0,,할리스커피마곡퀸즈파크나인점
�ㅼ궗41ab51ab,126.83622,37.559865,,가로공원1호,커피코트,1302.0,,커피코트
�ㅼ궗41ab51ab,126.83622,37.559865,,가로공원1호,이디야커피,1302.0,,이디야커피
�ㅼ궗41ab51ab,126.83622,37.559865,,가로공원1호,BOUNTE,1302.0,,BOUNTE
�ㅼ궗41ab51ab,126.83622,37.559865,,가로공원1호,COFFEECOURT,1302.0,,COFFEECOURT
�ㅼ궗41ab51ab,126.83622,37.559865,,가로공원1호,카페,1302.0,,카페
�ㅼ궗41ab51ab,126.83622,37.559865,,가로공원1호,프레베리,1302.0,,프레베리
�ㅼ궗41ab51ab,126.83622,37.559865,,가로공원1호,카페커디,1302.0,,카페커디
�ㅼ궗41ab51ab,126.83622,37.559865,,가로공원1호,해머스미스커피마곡,1302.0,,해머스미스커피마곡
�ㅼ궗41ab51ab,126.83622,37.559865,,가로공원1호,쉬즈베이글,1302.0,,쉬즈베이글
�ㅼ궗35aa50ba,126.765526,37.552687,,,,,,
�ㅼ궗38ab51ba,126.802234,37.561923,김포공항,,,,,
�ㅼ궗38ab51ba,126.802234,37.561923,김포공항,,,,,
�ㅼ궗38ab51ba,126.802234,37.561923,김포공항,,,,,
�ㅼ궗41ba49ab,126.83921,37.541855,화곡,,어라운드스터디카페,1585.0,,어라운드스터디카페
�ㅼ궗41ba49ab,126.83921,37.541855,화곡,,애플트리,1585.0,,애플트리
�ㅼ궗41ba49ab,126.83921,37.541855,화곡,,메가커피,1585.0,,메가커피
�ㅼ궗41ba49ab,126.83921,37.541855,화곡,,가까운카페,1585.0,,가까운카페
�ㅼ궗41ba49ab,126.83921,37.541855,화곡,,킴스커피,1585.0,,킴스커피
�ㅼ궗41ba49ab,126.83921,37.541855,화곡,,밀알카페,1585.0,,밀알카페
�ㅼ궗41ba49ab,126.83921,37.541855,화곡,,스터디카페애플트리,1585.0,,스터디카페애플트리
�ㅼ궗41ba49ab,126.83921,37.541855,화곡,,투썸플레이스,1585.0,투썸플레이스,
�ㅼ궗41ba49ab,126.83921,37.541855,화곡,,시럽,1585.0,,시럽
�ㅼ궗41ba49ab,126.83921,37.541855,화곡,,메리하하,1585.0,,메리하하
�ㅼ궗41ba49ab,126.83921,37.541855,화곡,,NINEoCLOCK,1585.0,,NINEoCLOCK
�ㅼ궗41ba49ab,126.83921,37.541855,화곡,,빽다방,1585.0,,빽다방
�ㅼ궗41ba49ab,126.83921,37.541855,화곡,,더벤티,1585.0,더벤티,
�ㅼ궗41ba49ab,126.83921,37.541855,화곡,,텐퍼센트스페셜티커피,1585.0,,텐퍼센트스페셜티커피
�ㅼ궗41ab50aa,126.83632,37.548599,우장산,,투썸플레이스우장산역점,2302.0,투썸플레이스,
�ㅼ궗41ab50aa,126.83632,37.548599,우장산,,더벤티,2302.0,더벤티,
�ㅼ궗41ab50aa,126.83632,37.548599,우장산,,메가커피,2302.0,,메가커피
�ㅼ궗41ab50aa,126.83632,37.548599,우장산,,빽다방,2302.0,,빽다방
�ㅼ궗41ab50aa,126.83632,37.548599,우장산,,커피베이강서힐스테이트,2302.0,,커피베이강서힐스테이트
�ㅼ궗41ab50aa,126.83632,37.548599,우장산,,톡앤티,2302.0,,톡앤티
�ㅼ궗41ab50aa,126.83632,37.548599,우장산,,스타벅스,2302.0,스타벅스,
�ㅼ궗41ab50aa,126.83632,37.548599,우장산,,서울강서시니어클럽호호실실케이터링,2302.0,,서울강서시니어클럽호호실실케이터링
�ㅼ궗41ab50aa,126.83632,37.548599,우장산,,공차,2302.0,,공차
�ㅼ궗38ab51ba,126.802234,37.561923,김포공항,,,,,
�ㅼ궗35bb50aa,126.77406,37.548233,,,,,,
�ㅼ궗35bb50ab,126.774039,37.550486,,,,,,
�ㅼ궗35ba51aa,126.771143,37.557228,,,,,,
�ㅼ궗35ba51ab,126.771121,37.559481,,,,,,
�ㅼ궗35bb51aa,126.773973,37.557246,,,,,,
�ㅼ궗35bb51ab,126.773951,37.559499,,,,,,
�ㅼ궗35bb50ba,126.774017,37.552739,,,,,,
�ㅼ궗35bb50bb,126.773995,37.554992,,,,,,
�ㅼ궗35ab50bb,126.768334,37.554958,,,,0.0,,
�ㅼ궗35ab51aa,126.768312,37.557211,,,,0.0,,
�ㅼ궗35ab50ab,126.768379,37.550451,,,,,,
�ㅼ궗35ab50ba,126.768356,37.552704,,,,,,
�ㅼ궗35ba50ba,126.771187,37.552722,,,,,,
�ㅼ궗35ba50bb,126.771165,37.554975,,,,,,
�ㅼ궗35ba50aa,126.77123,37.548215,,,,,,
�ㅼ궗35ba50ab,126.771209,37.550469,,,,,,
�ㅼ궗36aa51ba,126.77676,37.561769,,,,,,
�ㅼ궗36aa51bb,126.776738,37.564023,,,,,,
�ㅼ궗36aa51aa,126.776803,37.557263,,,,,,
�ㅼ궗36aa51ab,126.776782,37.559516,,,,,,
�ㅼ궗36ab49bb,126.779742,37.546014,,,,,,
�ㅼ궗36ab50aa,126.77972,37.548267,,,,,,
�ㅼ궗36aa52aa,126.776716,37.566276,,,,,,
�ㅼ궗36aa52ab,126.776694,37.568529,,,,,,
�ㅼ궗35bb52ab,126.773864,37.568512,,,,,,
�ㅼ궗36aa49bb,126.776912,37.545997,,,,,,
�ㅼ궗35bb51ba,126.773929,37.561752,,,,,,
�ㅼ궗35bb52aa,126.773886,37.566259,,,,,,
�ㅼ궗36aa50ba,126.776847,37.552757,,,,,,
�ㅼ궗36aa50bb,126.776825,37.55501,,,,,,
�ㅼ궗36aa50aa,126.77689,37.54825,,,,,,
�ㅼ궗36aa50ab,126.776869,37.550503,,,,,,
�ㅼ궗36ba49bb,126.782572,37.546032,,,,,,
�ㅼ궗36ba50aa,126.78255,37.548285,,,,,,
�ㅼ궗36ab52ab,126.779525,37.568546,,,,,,
�ㅼ궗36ab52ba,126.779503,37.5708,,,,,,
�ㅼ궗36ba50bb,126.782486,37.555044,,,,,,
�ㅼ궗36ba51aa,126.782464,37.557298,,,,,,
�ㅼ궗36ba50ab,126.782529,37.550538,,,,,,
�ㅼ궗36ba50ba,126.782507,37.552791,,,,,,
�ㅼ궗36ab50bb,126.779655,37.555027,,,,0.0,,
�ㅼ궗36ab51aa,126.779634,37.55728,,,,,,
�ㅼ궗36ab50ab,126.779699,37.550521,,,,,,
�ㅼ궗36ab50ba,126.779677,37.552774,,,,,,
�ㅼ궗36ab51bb,126.779569,37.56404,,,,,,
�ㅼ궗36ab52aa,126.779547,37.566293,,,,,,
�ㅼ궗36ab51ab,126.779612,37.559534,,,,,,
�ㅼ궗36ab51ba,126.77959,37.561787,,,,,,
�ㅼ궗36bb50ba,126.785337,37.552808,,,,,,
�ㅼ궗36bb50bb,126.785316,37.555062,,,,,,
�ㅼ궗36bb50aa,126.78538,37.548302,,,,,,
�ㅼ궗36bb50ab,126.785359,37.550555,,,,,,
�ㅼ궗36bb51ba,126.785251,37.561821,,,,,,
�ㅼ궗36bb51bb,126.78523,37.564074,,,,,,
�ㅼ궗36bb51aa,126.785294,37.557315,,,,,,
�ㅼ궗36bb51ab,126.785273,37.559568,,,,,,
�ㅼ궗36ba51bb,126.782399,37.564057,,,,,,
�ㅼ궗36ba52aa,126.782378,37.56631,,,,,,
�ㅼ궗36ba51ab,126.782442,37.559551,,,,,,
�ㅼ궗36ba51ba,126.782421,37.561804,,,,,,
�ㅼ궗36ba52bb,126.782313,37.57307,,,,,,
�ㅼ궗36bb49bb,126.785402,37.546049,,,,,,
�ㅼ궗36ba52ab,126.782356,37.568564,,,,,,
�ㅼ궗36ba52ba,126.782334,37.570817,,,,,,
�ㅼ궗37aa50bb,126.788146,37.555079,,,,,,
�ㅼ궗37aa51aa,126.788125,37.557332,,,,,,
�ㅼ궗37aa50ab,126.788189,37.550572,,,,,,
�ㅼ궗37aa50ba,126.788167,37.552825,,,,,,
�ㅼ궗37aa51bb,126.78806,37.564092,,,,,,
�ㅼ궗37aa52aa,126.788039,37.566345,,,,,,
�ㅼ궗37aa51ab,126.788103,37.559585,,,,,,
�ㅼ궗37aa51ba,126.788082,37.561838,,,,,,
�ㅼ궗36bb52ba,126.785165,37.570834,,,,,,
�ㅼ궗36bb52bb,126.785144,37.573087,,,,,,
�ㅼ궗36bb52aa,126.785208,37.566328,,,,,,
�ㅼ궗36bb52ab,126.785187,37.568581,,,,,,
�ㅼ궗37aa49bb,126.788232,37.546066,,,,0.0,,
�ㅼ궗37aa50aa,126.78821,37.548319,,,,,,
�ㅼ궗36bb53aa,126.785122,37.57534,,,,,,
�ㅼ궗37aa49ba,126.788253,37.543813,,,,,,
�ㅼ궗37ab50ba,126.790998,37.552842,,,,,,
�ㅼ궗37ab50bb,126.790976,37.555096,,,,,,
�ㅼ궗37ab50aa,126.79104,37.548336,,,,,,
�ㅼ궗37ab50ab,126.791019,37.550589,,,,,,
�ㅼ궗37ab51ba,126.790912,37.561855,,,,,,
�ㅼ궗37ab51bb,126.790891,37.564109,,,,,,
�ㅼ궗37ab51aa,126.790955,37.557349,,,,,,
�ㅼ궗37ab51ab,126.790934,37.559602,,,,,,
�ㅼ궗37aa52bb,126.787974,37.573104,,,,,,
�ㅼ궗37aa53aa,126.787953,37.575358,,,,,,
�ㅼ궗37aa52ab,126.788017,37.568598,,,,,,
�ㅼ궗37aa52ba,126.787996,37.570851,,,,,,
�ㅼ궗37ab49ba,126.791083,37.54383,,,,,,
�ㅼ궗37ab49bb,126.791062,37.546083,,,,,,
�ㅼ궗37aa53ab,126.787932,37.577611,,,,,,
�ㅼ궗37ab49ab,126.791104,37.541576,,,,,,
�ㅼ궗37ba49aa,126.793955,37.53934,,,,,,
�ㅼ궗37ba49ab,126.793934,37.541593,,,헤이더그린,0.0,,헤이더그린
�ㅼ궗37ba48ba,126.793998,37.534834,,,,,,
�ㅼ궗37ba48bb,126.793977,37.537087,,,,,,
�ㅼ궗37ba50aa,126.79387,37.548353,,,,,,
�ㅼ궗37ba50ab,126.793849,37.550606,,,,,,
�ㅼ궗37ba49ba,126.793913,37.543847,,,,,,
�ㅼ궗37ba49bb,126.793892,37.5461,,,,,,
�ㅼ궗37ab52ba,126.790827,37.570868,,,,,,
�ㅼ궗37ab52bb,126.790805,37.573121,,,,,,
�ㅼ궗37ab52aa,126.790869,37.566362,,,,,,
�ㅼ궗37ab52ab,126.790848,37.568615,,,,,,
�ㅼ궗37ab53ba,126.790741,37.579881,,,,,,
�ㅼ궗37ab53bb,126.79072,37.582134,,,,,,
�ㅼ궗37ab53aa,126.790784,37.575375,,,,,,
�ㅼ궗37ab53ab,126.790763,37.577628,,,,,,
�ㅼ궗42bb51ab,126.853203,37.55996,,,메가커피,890.0,,메가커피
�ㅼ궗42bb51ab,126.853203,37.55996,,,더벤티,890.0,더벤티,
�ㅼ궗42bb52ab,126.853125,37.568973,,,,,,
�ㅼ궗42bb52ba,126.853106,37.571226,,,,,,
�ㅼ궗42bb51bb,126.853164,37.564466,,,새벽1시19분,2750.0,,새벽1시19분
�ㅼ궗42bb49ab,126.853359,37.541934,,,,338.0,,
�ㅼ궗42bb49ba,126.853339,37.544187,,,,,,
�ㅼ궗42bb48bb,126.853398,37.537427,,,봉제산아래커피집,1189.0,,봉제산아래커피집
�ㅼ궗42bb49aa,126.853378,37.53968,,,,256.0,,
�ㅼ궗42bb50ba,126.853261,37.5532,,,이디야커피,2092.0,,이디야커피
�ㅼ궗42bb50ba,126.853261,37.5532,,,카페엘리스라운지,2092.0,,카페엘리스라운지
�ㅼ궗42bb50ba,126.853261,37.5532,,,카페라로,2092.0,,카페라로
�ㅼ궗42bb50ba,126.853261,37.5532,,,까페루아,2092.0,,까페루아
�ㅼ궗42bb50ba,126.853261,37.5532,,,냉큼오레오,2092.0,,냉큼오레오
�ㅼ궗42bb50ba,126.853261,37.5532,,,카페,2092.0,,카페
�ㅼ궗42bb50ba,126.853261,37.5532,,,달보드레,2092.0,,달보드레
�ㅼ궗42bb50ba,126.853261,37.5532,,,원스어데이,2092.0,,원스어데이
�ㅼ궗42bb50ba,126.853261,37.5532,,,카페,2092.0,,카페
�ㅼ궗42bb50ba,126.853261,37.5532,,,에이케이홀덤스튜디오,2092.0,,에이케이홀덤스튜디오
�ㅼ궗42bb50ba,126.853261,37.5532,,,스타홀덤,2092.0,,스타홀덤
�ㅼ궗42bb49bb,126.85332,37.54644,,,,784.0,,
�ㅼ궗42bb50aa,126.8533,37.548693,,,민들레영토그신대점,1528.0,,민들레영토그신대점
�ㅼ궗42bb50aa,126.8533,37.548693,,,블루포토케이씨대학교점,1528.0,,블루포토케이씨대학교점
�ㅼ궗42bb50aa,126.8533,37.548693,,,카페인싸,1528.0,,카페인싸
�ㅼ궗43aa50aa,126.85613,37.548709,,,,,,
�ㅼ궗43aa50ab,126.856111,37.550962,,,,537.0,,
�ㅼ궗43aa49ba,126.856169,37.544202,,,,,,
�ㅼ궗43aa49bb,126.85615,37.546456,,,,334.0,,
�ㅼ궗43aa51aa,126.856053,37.557722,,,홈플러스어라운드홈,2594.0,,홈플러스어라운드홈
�ㅼ궗43aa51aa,126.856053,37.557722,,,"커피,한송이",2594.0,,"커피,한송이"
�ㅼ궗43aa51aa,126.856053,37.557722,,,아쿠아카페,2594.0,,아쿠아카페
�ㅼ궗43aa51aa,126.856053,37.557722,,,탐앤탐스홈플러스강서점,2594.0,,탐앤탐스홈플러스강서점
�ㅼ궗43aa51aa,126.856053,37.557722,,,핸즈업커피,2594.0,,핸즈업커피
�ㅼ궗43aa51aa,126.856053,37.557722,,,카페,2594.0,,카페
�ㅼ궗43aa51aa,126.856053,37.557722,,,커피빈,2594.0,,커피빈
�ㅼ궗43aa51aa,126.856053,37.557722,,,커피구멍가게,2594.0,,커피구멍가게
�ㅼ궗43aa51aa,126.856053,37.557722,,,투썸플레이스,2594.0,투썸플레이스,
�ㅼ궗43aa51aa,126.856053,37.557722,,,큐브,2594.0,,큐브
�ㅼ궗43aa51aa,126.856053,37.557722,,,테이퍼드커피,2594.0,,테이퍼드커피
�ㅼ궗43aa51aa,126.856053,37.557722,,,투썸플레이스,2594.0,투썸플레이스,
�ㅼ궗43aa51aa,126.856053,37.557722,,,뚜스뚜스익스프레스,2594.0,,뚜스뚜스익스프레스
�ㅼ궗43aa51aa,126.856053,37.557722,,,공차,2594.0,,공차
�ㅼ궗42bb52bb,126.853086,37.573479,,,,,,
�ㅼ궗43aa47bb,126.856305,37.52843,,,카페,223.0,,카페
�ㅼ궗43aa49aa,126.856208,37.539696,,,,206.0,,
�ㅼ궗43aa49ab,126.856189,37.541949,,,,0.0,,
�ㅼ궗43aa48ba,126.856247,37.535189,,,"헤이,우드",2915.0,,"헤이,우드"
�ㅼ궗43aa48ba,126.856247,37.535189,,,커피레터,2915.0,,커피레터
�ㅼ궗43aa48ba,126.856247,37.535189,,,커피도노,2915.0,,커피도노
�ㅼ궗43aa48ba,126.856247,37.535189,,,브로트짜이트,2915.0,,브로트짜이트
�ㅼ궗43ab49ab,126.859018,37.541965,,,,371.0,,
�ㅼ궗43ab48bb,126.859057,37.537458,,,카페,1991.0,,카페
�ㅼ궗43ab50aa,126.85896,37.548724,,,,260.0,,
�ㅼ궗43ab50ab,126.858941,37.550978,,,,1972.0,,
�ㅼ궗43ab49ba,126.858999,37.544218,,,,2680.0,,
�ㅼ궗43aa52ab,126.855956,37.568988,,,,,,
�ㅼ궗43aa51ba,126.856014,37.562228,,,,4207.0,,
�ㅼ궗43ab48ab,126.859096,37.532951,,,달달해,1773.0,,달달해
�ㅼ궗43ab48ab,126.859096,37.532951,,,커피내음,1773.0,,커피내음
�ㅼ궗43ab48ab,126.859096,37.532951,,,맘씨커피,1773.0,,맘씨커피
�ㅼ궗43ab48ab,126.859096,37.532951,,,Roty,1773.0,,Roty
�ㅼ궗43ab48ab,126.859096,37.532951,,,엘림카페&스낵쉼터,1773.0,,엘림카페&스낵쉼터
�ㅼ궗43ab48ab,126.859096,37.532951,,,이디야커피,1773.0,,이디야커피
�ㅼ궗43ab48ab,126.859096,37.532951,,,카페아르떼,1773.0,,카페아르떼
�ㅼ궗43ab48ab,126.859096,37.532951,,,카페,1773.0,,카페
�ㅼ궗43ab48ab,126.859096,37.532951,,,멜로우디,1773.0,,멜로우디
�ㅼ궗43ab48ab,126.859096,37.532951,,,컾강서점,1773.0,,컾강서점
�ㅼ궗43aa52ba,126.855937,37.571241,,,,,,
�ㅼ궗43ab47bb,126.859134,37.528445,,,,0.0,,
�ㅼ궗43ba48ba,126.861906,37.53522,,,스타벅스,2617.0,스타벅스,
�ㅼ궗43ba48ba,126.861906,37.53522,,,이디야커피,2617.0,,이디야커피
�ㅼ궗43ba48ba,126.861906,37.53522,,,플라워카페라루즈,2617.0,,플라워카페라루즈
�ㅼ궗43ba48ba,126.861906,37.53522,,,스타벅스화곡DT점,2617.0,스타벅스,
�ㅼ궗43ba47bb,126.861963,37.52846,,,,,,
�ㅼ궗43ba49ab,126.861848,37.54198,,,아마도,1180.0,,아마도
�ㅼ궗43ba49ba,126.861829,37.544233,,,카페더로스팅,1882.0,,카페더로스팅
�ㅼ궗43ba49ba,126.861829,37.544233,,,라이크어시네마,1882.0,,라이크어시네마
�ㅼ궗43ba48bb,126.861887,37.537473,,,맥켄지커피,2194.0,,맥켄지커피
�ㅼ궗43ba49aa,126.861867,37.539727,,,샤론,117.0,,샤론
�ㅼ궗43ab51aa,126.858883,37.557737,,,울어비웃카페,1125.0,,울어비웃카페
�ㅼ궗43ab51aa,126.858883,37.557737,,,커피보니또,1125.0,,커피보니또
�ㅼ궗43ab51aa,126.858883,37.557737,,,24시무인셀프카페,1125.0,,24시무인셀프카페
�ㅼ궗43ab51aa,126.858883,37.557737,,,마리웨일237,1125.0,,마리웨일237
�ㅼ궗43ab51aa,126.858883,37.557737,,,홀론카페,1125.0,,홀론카페
�ㅼ궗43ab51aa,126.858883,37.557737,,,오버도즈,1125.0,,오버도즈
�ㅼ궗43ab51aa,126.858883,37.557737,,,차눙,1125.0,,차눙
�ㅼ궗43ab51ab,126.858864,37.559991,,,숨,1309.0,,숨
�ㅼ궗43ab50ba,126.858922,37.553231,,,클라쓰,351.0,,클라쓰
�ㅼ궗43ab50ba,126.858922,37.553231,,,라루라루,351.0,,라루라루
�ㅼ궗43ab50bb,126.858903,37.555484,,,라떼엔퐁당,3246.0,,라떼엔퐁당
�ㅼ궗43ab50bb,126.858903,37.555484,,,브이커피,3246.0,,브이커피
�ㅼ궗43ab50bb,126.858903,37.555484,,,커피레오,3246.0,,커피레오
�ㅼ궗43ab50bb,126.858903,37.555484,,,모먼트인,3246.0,,모먼트인
�ㅼ궗43ab50bb,126.858903,37.555484,,,스윗라운드,3246.0,,스윗라운드
�ㅼ궗43ab50bb,126.858903,37.555484,,,커피상점,3246.0,,커피상점
�ㅼ궗43ab52aa,126.858806,37.56675,,,,,,
�ㅼ궗43ab52ab,126.858787,37.569004,,,,,,
�ㅼ궗43ab51bb,126.858825,37.564497,,,,1207.0,,
�ㅼ궗43bb48aa,126.864773,37.530729,,,탐앤탐스,14.000000000000002,,탐앤탐스
�ㅼ궗43bb48ab,126.864754,37.532982,,,,,,
�ㅼ궗43ba51bb,126.861656,37.564512,,,,,,
�ㅼ궗43ba52aa,126.861637,37.566766,,,,,,
�ㅼ궗43bb49aa,126.864697,37.539742,,,,382.0,,
�ㅼ궗43bb49ab,126.864678,37.541995,,,,,,
�ㅼ궗43bb48ba,126.864735,37.535235,,,,,,
�ㅼ궗43bb48bb,126.864716,37.537489,,,,43.0,,
�ㅼ궗43ba50ab,126.861771,37.550993,,,장수커피,2217.9999999999995,,장수커피
�ㅼ궗43ba50ab,126.861771,37.550993,,,에띠임프리미엄라운지,2217.9999999999995,,에띠임프리미엄라운지
�ㅼ궗43ba50ab,126.861771,37.550993,,,덤스,2217.9999999999995,,덤스
�ㅼ궗43ba50ba,126.861752,37.553246,,,메멘토케이크,877.0,,메멘토케이크
�ㅼ궗43ba49bb,126.86181,37.546486,,,쥬씨영일고점,1609.0,,쥬씨영일고점
�ㅼ궗43ba49bb,126.86181,37.546486,,,카페모아,1609.0,,카페모아
�ㅼ궗43ba49bb,126.86181,37.546486,,,행복한커피상점커피정,1609.0,,행복한커피상점커피정
�ㅼ궗43ba49bb,126.86181,37.546486,,,투썸플레이스등촌로점,1609.0,투썸플레이스,
�ㅼ궗43ba49bb,126.86181,37.546486,,,간식공장,1609.0,,간식공장
�ㅼ궗43ba49bb,126.86181,37.546486,,,카페다정,1609.0,,카페다정
�ㅼ궗43ba49bb,126.86181,37.546486,,,오늘맑음,1609.0,,오늘맑음
�ㅼ궗43ba49bb,126.86181,37.546486,,,더벤티,1609.0,더벤티,
�ㅼ궗43ba50aa,126.861791,37.54874,,,너와내가미소,1498.0,,너와내가미소
�ㅼ궗43ba50aa,126.861791,37.54874,,,카페소미,1498.0,,카페소미
�ㅼ궗43ba50aa,126.861791,37.54874,,,20온스,1498.0,,20온스
�ㅼ궗43ba50aa,126.861791,37.54874,,,우디,1498.0,,우디
�ㅼ궗43ba51aa,126.861714,37.557753,,,컵투,1415.0,,컵투
�ㅼ궗43ba51aa,126.861714,37.557753,,,스타벅스,1415.0,스타벅스,
�ㅼ궗43ba51aa,126.861714,37.557753,,,쥬씨증미역점,1415.0,,쥬씨증미역점
�ㅼ궗43ba51aa,126.861714,37.557753,,,공차,1415.0,,공차
�ㅼ궗43ba51aa,126.861714,37.557753,,,커피베이,1415.0,,커피베이
�ㅼ궗43ba51aa,126.861714,37.557753,,,컴포즈커피,1415.0,,컴포즈커피
�ㅼ궗44aa50ba,126.867412,37.553277,,,카페소금다방,1658.0,,카페소금다방
�ㅼ궗44aa50ba,126.867412,37.553277,,,콩볶는다락,1658.0,,콩볶는다락
�ㅼ궗44aa50ba,126.867412,37.553277,,,주스라이프,1658.0,,주스라이프
�ㅼ궗44aa50bb,126.867393,37.55553,,,카페토스피아,3066.0,,카페토스피아
�ㅼ궗44aa50aa,126.867451,37.54877,,,,22.0,,
�ㅼ궗44aa50ab,126.867432,37.551023,,,소풍가는날,2367.0,,소풍가는날
�ㅼ궗44aa50ab,126.867432,37.551023,,,바빈스커피,2367.0,,바빈스커피
�ㅼ궗44aa50ab,126.867432,37.551023,,,자이온,2367.0,,자이온
�ㅼ궗44aa50ab,126.867432,37.551023,,,커피볶는카페어썸,2367.0,,커피볶는카페어썸
�ㅼ궗44aa50ab,126.867432,37.551023,,,카페,2367.0,,카페
�ㅼ궗44aa50ab,126.867432,37.551023,,,론드리프로젝트센터스퀘어점,2367.0,,론드리프로젝트센터스퀘어점
�ㅼ궗44aa51ba,126.867336,37.56229,,,,,,
�ㅼ궗44ab49bb,126.8703,37.546532,,,,,,
�ㅼ궗44aa51aa,126.867374,37.557783,,,,1251.0,,
�ㅼ궗44aa51ab,126.867355,37.560036,,,,,,
�ㅼ궗43bb50bb,126.864563,37.555515,,,어거스트,2629.0,,어거스트
�ㅼ궗43bb50bb,126.864563,37.555515,,,언더바커피로스터리,2629.0,,언더바커피로스터리
�ㅼ궗43bb50bb,126.864563,37.555515,,,마이니모,2629.0,,마이니모
�ㅼ궗43bb50aa,126.864621,37.548755,,,이디야커피,9.999999999999998,,이디야커피
�ㅼ궗43bb50aa,126.864621,37.548755,,,카페베네등촌역점,9.999999999999998,,카페베네등촌역점
�ㅼ궗43bb50ab,126.864601,37.551008,,,콩볶는고양이똥,1352.0,,콩볶는고양이똥
�ㅼ궗43bb50ab,126.864601,37.551008,,,웨스트엔드카페,1352.0,,웨스트엔드카페
�ㅼ궗43bb50ab,126.864601,37.551008,,,마리웨일마카롱,1352.0,,마리웨일마카롱
�ㅼ궗43bb50ab,126.864601,37.551008,,,이디야커피등촌동점,1352.0,,이디야커피등촌동점
�ㅼ궗43bb50ab,126.864601,37.551008,,,DESSERT39,1352.0,,DESSERT39
�ㅼ궗43bb50ab,126.864601,37.551008,,,DUK커피,1352.0,,DUK커피
�ㅼ궗43bb50ab,126.864601,37.551008,,,커피스미스,1352.0,,커피스미스
�ㅼ궗43bb50ab,126.864601,37.551008,,,투썸플레이스,1352.0,투썸플레이스,
�ㅼ궗43bb50ab,126.864601,37.551008,,,포퀸스보드카페,1352.0,,포퀸스보드카페
�ㅼ궗43bb50ab,126.864601,37.551008,,,메가엠지씨커피,1352.0,,메가엠지씨커피
�ㅼ궗43bb50ab,126.864601,37.551008,,,디저트39,1352.0,,디저트39
�ㅼ궗43bb51bb,126.864487,37.564528,,,,,,
�ㅼ궗43bb51aa,126.864544,37.557768,,,커피코트,1747.0,,커피코트
�ㅼ궗43bb51aa,126.864544,37.557768,,,할리스커피,1747.0,,할리스커피
�ㅼ궗43bb51aa,126.864544,37.557768,,,오슬로우커피,1747.0,,오슬로우커피
�ㅼ궗43bb51aa,126.864544,37.557768,,,매머드익스프레스우림블루나인,1747.0,,매머드익스프레스우림블루나인
�ㅼ궗43bb51aa,126.864544,37.557768,,,마리웨일237,1747.0,,마리웨일237
�ㅼ궗43bb51aa,126.864544,37.557768,,,빽다방,1747.0,,빽다방
�ㅼ궗43bb51aa,126.864544,37.557768,,,카페뮤제오커피박물관,1747.0,,카페뮤제오커피박물관
�ㅼ궗43bb51aa,126.864544,37.557768,,,메가엠지씨커피강서,1747.0,,메가엠지씨커피강서
�ㅼ궗43bb51aa,126.864544,37.557768,,,만랩커피,1747.0,,만랩커피
�ㅼ궗43bb51ab,126.864525,37.560021,,,,379.0,,
�ㅼ궗44ba50ba,126.873073,37.553307,,,카페이브닝,3705.0,,카페이브닝
�ㅼ궗44ba50ba,126.873073,37.553307,,,카페투샷,3705.0,,카페투샷
�ㅼ궗44ba50bb,126.873054,37.55556,,,COFFEEDZ,1824.0,,COFFEEDZ
�ㅼ궗44bb49bb,126.87596,37.546562,,,이디야커피,628.0,,이디야커피
�ㅼ궗44bb49bb,126.87596,37.546562,,,메가엠지씨커피,628.0,,메가엠지씨커피
�ㅼ궗44bb50aa,126.875941,37.548815,,,713카페,1750.0,,713카페
�ㅼ궗44bb50aa,126.875941,37.548815,,,더리터,1750.0,,더리터
�ㅼ궗44bb50aa,126.875941,37.548815,,,카페모니에,1750.0,,카페모니에
�ㅼ궗44bb50aa,126.875941,37.548815,,,커피베이,1750.0,,커피베이
�ㅼ궗44bb50aa,126.875941,37.548815,,,매머드익스프레스,1750.0,,매머드익스프레스
�ㅼ궗44ba51aa,126.873035,37.557813,,,,,,
�ㅼ궗44ba51ab,126.873016,37.560067,,,,,,
�ㅼ궗44ab50ba,126.870243,37.553292,,,쥬씨,2737.0,,쥬씨
�ㅼ궗44ab50ba,126.870243,37.553292,,,데일리카페,2737.0,,데일리카페
�ㅼ궗44ab50ba,126.870243,37.553292,,,탐앤탐스,2737.0,,탐앤탐스
�ㅼ궗44ab50ba,126.870243,37.553292,,,팔공티,2737.0,,팔공티
�ㅼ궗44ab50ba,126.870243,37.553292,,,메가엠지씨커피,2737.0,,메가엠지씨커피
�ㅼ궗44ab50bb,126.870224,37.555545,,,카페,2522.0,,카페
�ㅼ궗44ab51ba,126.870167,37.562305,,,,,,
�ㅼ궗44ba49bb,126.87313,37.546547,,,스타벅스,6.0,스타벅스,
�ㅼ궗44ba49bb,126.87313,37.546547,,,카페,6.0,,카페
�ㅼ궗44ab51ab,126.870186,37.560052,,,,,,
�ㅼ궗45aa51aa,126.878696,37.557843,,,,,,
�ㅼ궗45ab50aa,126.881601,37.548845,,,,,,
�ㅼ궗45aa50ba,126.878733,37.553337,,,,,,
�ㅼ궗45aa50bb,126.878715,37.55559,,,,,,
�ㅼ궗45ab50bb,126.881545,37.555605,,,,,,
�ㅼ궗44bb50bb,126.875884,37.555575,,,,,,
�ㅼ궗44bb51aa,126.875866,37.557828,,,,,,
�ㅼ궗44bb50ba,126.875903,37.553322,,,,1792.0000000000002,,
�ㅼ궗45aa50aa,126.878771,37.54883,,,골든서울호텔,989.0,,골든서울호텔
�ㅼ궗45aa50aa,126.878771,37.54883,,,커피사피엔스염창한강G트리,989.0,,커피사피엔스염창한강G트리
�ㅼ궗45aa50aa,126.878771,37.54883,,,카페,989.0,,카페
�ㅼ궗45aa50ab,126.878752,37.551083,,,카페티라수,247.0,,카페티라수
�ㅼ궗44bb51ab,126.875847,37.560082,,,,,,
�ㅼ궗45aa49bb,126.878789,37.546577,,,VICC,99.0,,VICC
�ㅼ궗41ba48ab,126.839289,37.532842,,,후니커피,2355.0,,후니커피
�ㅼ궗41ba48ab,126.839289,37.532842,,,샌블리,2355.0,,샌블리
�ㅼ궗41ba48ab,126.839289,37.532842,,,나우픽,2355.0,,나우픽
�ㅼ궗41ba48ab,126.839289,37.532842,,,원카페,2355.0,,원카페
�ㅼ궗41ba48ab,126.839289,37.532842,,,아쿠아리어스커피,2355.0,,아쿠아리어스커피
�ㅼ궗41ba48ab,126.839289,37.532842,,,론이네무인애완용품할인점,2355.0,,론이네무인애완용품할인점
�ㅼ궗41ba48ab,126.839289,37.532842,,,웰시커피,2355.0,,웰시커피
�ㅼ궗41ba47bb,126.839329,37.528336,,,커피588,1382.0,,커피588
�ㅼ궗41ba47bb,126.839329,37.528336,,,카페,1382.0,,카페
�ㅼ궗41ba49bb,126.83917,37.546362,,,,3174.0,,
�ㅼ궗41ba49aa,126.83923,37.539602,,,누쿠이커피팩토리,2467.0,,누쿠이커피팩토리
�ㅼ궗41ba49aa,126.83923,37.539602,,,"어느,예쁜날",2467.0,,"어느,예쁜날"
�ㅼ궗41ba49aa,126.83923,37.539602,,,쉼표커피,2467.0,,쉼표커피
�ㅼ궗41ba49aa,126.83923,37.539602,,,팝잇커피브런치디저트분식,2467.0,,팝잇커피브런치디저트분식
�ㅼ궗41ba49aa,126.83923,37.539602,,,레츠그릭,2467.0,,레츠그릭
�ㅼ궗41ab53aa,126.83608,37.575638,,,,424.0,,
�ㅼ궗41ab53ab,126.83606,37.577891,,,,,,
�ㅼ궗41ab52ba,126.83612,37.571132,,,,,,
�ㅼ궗41ab52bb,126.8361,37.573385,,,,6.0,,
�ㅼ궗41ab54aa,126.836,37.584651,,,,,,
�ㅼ궗41ba47ba,126.839349,37.526083,,,,56.00000000000001,,
�ㅼ궗41ab53ba,126.83604,37.580145,,,,,,
�ㅼ궗41ab53bb,126.83602,37.582398,,,,,,
�ㅼ궗41ba52bb,126.838931,37.573401,,,,523.0,,
�ㅼ궗41ba53aa,126.838911,37.575654,,,,1224.0,,
�ㅼ궗41ba52ab,126.838971,37.568894,,,이디야커피,1990.0,,이디야커피
�ㅼ궗41ba52ab,126.838971,37.568894,,,왓더독,1990.0,,왓더독
�ㅼ궗41ba52ab,126.838971,37.568894,,,감성커피,1990.0,,감성커피
�ㅼ궗41ba52ab,126.838971,37.568894,,,아타락시아,1990.0,,아타락시아
�ㅼ궗41ba52ab,126.838971,37.568894,,,더벤티,1990.0,더벤티,
�ㅼ궗41ba52ab,126.838971,37.568894,,,와밀,1990.0,,와밀
�ㅼ궗41ba52ab,126.838971,37.568894,,,모닐이네하우스,1990.0,,모닐이네하우스
�ㅼ궗41ba52ab,126.838971,37.568894,,,어썸즈,1990.0,,어썸즈
�ㅼ궗41ba52ab,126.838971,37.568894,,,매니,1990.0,,매니
�ㅼ궗41ba52ab,126.838971,37.568894,,,매니앜,1990.0,,매니앜
�ㅼ궗41ba52ab,126.838971,37.568894,,,마닐마닐하우스,1990.0,,마닐마닐하우스
�ㅼ궗41ba52ab,126.838971,37.568894,,,부엔디아,1990.0,,부엔디아
�ㅼ궗41ba52ba,126.838951,37.571148,,,까페하늘빛,1684.0,,까페하늘빛
�ㅼ궗41ba52ba,126.838951,37.571148,,,컴포즈커피,1684.0,,컴포즈커피
�ㅼ궗41ba52ba,126.838951,37.571148,,,커피마마,1684.0,,커피마마
�ㅼ궗41ba53bb,126.838852,37.582414,,,,,,
�ㅼ궗41bb47ba,126.842178,37.526098,,,,6.0,,
�ㅼ궗41ba53ab,126.838891,37.577907,,,,,,
�ㅼ궗41ba53ba,126.838872,37.58016,,,,,,
�ㅼ궗41ba50ba,126.83911,37.553122,,,레알커피,3765.0,,레알커피
�ㅼ궗41ba50ba,126.83911,37.553122,,,커피브라더,3765.0,,커피브라더
�ㅼ궗41ba51bb,126.839011,37.564388,,,카페,1528.0,,카페
�ㅼ궗41ba51bb,126.839011,37.564388,,,드디어커피,1528.0,,드디어커피
�ㅼ궗41ba51bb,126.839011,37.564388,,,나우커피마곡점,1528.0,,나우커피마곡점
�ㅼ궗41ba51bb,126.839011,37.564388,,,나비카페,1528.0,,나비카페
�ㅼ궗41ba51bb,126.839011,37.564388,,,커피101스트릿마곡오드카운티,1528.0,,커피101스트릿마곡오드카운티
�ㅼ궗41ba51bb,126.839011,37.564388,,,카페드라무,1528.0,,카페드라무
�ㅼ궗41ba51bb,126.839011,37.564388,,,돌체테이블,1528.0,,돌체테이블
�ㅼ궗41ba51bb,126.839011,37.564388,,,빈히어커피,1528.0,,빈히어커피
�ㅼ궗41ba51bb,126.839011,37.564388,,,커피콩나무,1528.0,,커피콩나무
�ㅼ궗41ba51ba,126.839031,37.562135,,,펠어커피초코,1080.0,,펠어커피초코
�ㅼ궗41ba51ba,126.839031,37.562135,,,커피쿡,1080.0,,커피쿡
�ㅼ궗41ba51ba,126.839031,37.562135,,,빽다방,1080.0,,빽다방
�ㅼ궗41ba51ba,126.839031,37.562135,,,알리바바,1080.0,,알리바바
�ㅼ궗41ba51ba,126.839031,37.562135,,,메가엠지씨커피마곡유림,1080.0,,메가엠지씨커피마곡유림
�ㅼ궗41ba51ba,126.839031,37.562135,,,데니스,1080.0,,데니스
�ㅼ궗41ba51ba,126.839031,37.562135,,,카페마틴,1080.0,,카페마틴
�ㅼ궗41bb50ab,126.84196,37.550884,,,,,,
�ㅼ궗41bb50ba,126.841941,37.553137,,,,905.0,,
�ㅼ궗41bb49bb,126.842,37.546378,,,,3335.0,,
�ㅼ궗41bb50aa,126.84198,37.548631,,,타이트로프,2584.0,,타이트로프
�ㅼ궗41bb51ba,126.841861,37.56215,,,,3217.0,,
�ㅼ궗41bb50bb,126.841921,37.555391,,,,3952.0,,
�ㅼ궗41bb48ba,126.842099,37.535111,,,샌디350,3381.0,,샌디350
�ㅼ궗41bb47bb,126.842158,37.528352,,,더레드,3772.0,,더레드
�ㅼ궗41bb47bb,126.842158,37.528352,,,홀덤스타,3772.0,,홀덤스타
�ㅼ궗41bb49ab,126.84204,37.541871,,,까페청연,1868.0,,까페청연
�ㅼ궗41bb49ab,126.84204,37.541871,,,커피빈,1868.0,,커피빈
�ㅼ궗41bb49ab,126.84204,37.541871,,,체르보,1868.0,,체르보
�ㅼ궗41bb49ab,126.84204,37.541871,,,별란카페,1868.0,,별란카페
�ㅼ궗41bb48bb,126.842079,37.537365,,,,1910.0,,
�ㅼ궗41bb49aa,126.84206,37.539618,,,카페,2551.0,,카페
�ㅼ궗41bb49aa,126.84206,37.539618,,,크로플로,2551.0,,크로플로
�ㅼ궗41bb49aa,126.84206,37.539618,,,올라솔,2551.0,,올라솔
�ㅼ궗42aa47ba,126.845007,37.526114,,,,,,
�ㅼ궗42aa48ba,126.844929,37.535127,,,오브밀obmil,3170.0,,오브밀obmil
�ㅼ궗42aa48ba,126.844929,37.535127,,,커피스크립트,3170.0,,커피스크립트
�ㅼ궗42aa48ba,126.844929,37.535127,,,감화커피,3170.0,,감화커피
�ㅼ궗41bb52ab,126.841802,37.56891,,,로또카페,979.0,,로또카페
�ㅼ궗41bb52ab,126.841802,37.56891,,,뚜띠에,979.0,,뚜띠에
�ㅼ궗41bb52ab,126.841802,37.56891,,,진심한잔커피컴퍼니,979.0,,진심한잔커피컴퍼니
�ㅼ궗41bb52ab,126.841802,37.56891,,,카페조이,979.0,,카페조이
�ㅼ궗41bb52ab,126.841802,37.56891,,,커비커피,979.0,,커비커피
�ㅼ궗41bb52ba,126.841782,37.571163,,,이디야커피,1266.0,,이디야커피
�ㅼ궗41bb52ba,126.841782,37.571163,,,더베스트커피,1266.0,,더베스트커피
�ㅼ궗41bb52ba,126.841782,37.571163,,,콘레드커피,1266.0,,콘레드커피
�ㅼ궗41bb52ba,126.841782,37.571163,,,샤빌레,1266.0,,샤빌레
�ㅼ궗41bb52ba,126.841782,37.571163,,,카페,1266.0,,카페
�ㅼ궗41bb52aa,126.841822,37.566657,,,카페,1750.0,,카페
�ㅼ궗41bb52aa,126.841822,37.566657,,,커피아마토르,1750.0,,커피아마토르
�ㅼ궗41bb52aa,126.841822,37.566657,,,캐시아커피하우스,1750.0,,캐시아커피하우스
�ㅼ궗41bb52aa,126.841822,37.566657,,,커피하우스,1750.0,,커피하우스
�ㅼ궗41bb52aa,126.841822,37.566657,,,스타벅스양천향교역점,1750.0,스타벅스,
�ㅼ궗41bb52aa,126.841822,37.566657,,,투썸플레이스,1750.0,투썸플레이스,
�ㅼ궗41bb52aa,126.841822,37.566657,,,이디야커피,1750.0,,이디야커피
�ㅼ궗41bb52aa,126.841822,37.566657,,,커피베이,1750.0,,커피베이
�ㅼ궗41bb52aa,126.841822,37.566657,,,메가엠지씨커피,1750.0,,메가엠지씨커피
�ㅼ궗41bb53ab,126.841723,37.577923,,,,,,
�ㅼ궗41bb53ba,126.841703,37.580176,,,,,,
�ㅼ궗41bb53aa,126.841742,37.57567,,,,,,
�ㅼ궗42aa52aa,126.844652,37.566673,,,젤르,267.0,,젤르
�ㅼ궗42aa52aa,126.844652,37.566673,,,에슬로우커피,267.0,,에슬로우커피
�ㅼ궗42aa52aa,126.844652,37.566673,,,바빈스,267.0,,바빈스
�ㅼ궗42aa52aa,126.844652,37.566673,,,바빈스커피,267.0,,바빈스커피
�ㅼ궗42aa52aa,126.844652,37.566673,,,킷사텐,267.0,,킷사텐
�ㅼ궗42aa52aa,126.844652,37.566673,,,더썬카페,267.0,,더썬카페
�ㅼ궗42aa51ba,126.844692,37.562166,,,라운지독,2739.0,,라운지독
�ㅼ궗42aa51ba,126.844692,37.562166,,,에브리,2739.0,,에브리
�ㅼ궗42aa51bb,126.844672,37.564419,,,커피베이,2074.0,,커피베이
�ㅼ궗42aa51bb,126.844672,37.564419,,,봄날,2074.0,,봄날
�ㅼ궗42aa51bb,126.844672,37.564419,,,벤티프레소,2074.0,,벤티프레소
�ㅼ궗42aa53aa,126.844573,37.575686,,,,,,
�ㅼ궗42aa53ab,126.844554,37.577939,,,,,,
�ㅼ궗42aa52bb,126.844593,37.573432,,,,1197.0,,
�ㅼ궗42aa50ab,126.844791,37.5509,,,,429.0,,
�ㅼ궗42aa51aa,126.844731,37.55766,,,웨스트엔드문화카페,448.00000000000006,,웨스트엔드문화카페
�ㅼ궗42aa51aa,126.844731,37.55766,,,스타벅스,448.00000000000006,스타벅스,
�ㅼ궗42aa51aa,126.844731,37.55766,,,마로네,448.00000000000006,,마로네
�ㅼ궗42aa51aa,126.844731,37.55766,,,삐삐,448.00000000000006,,삐삐
�ㅼ궗42aa51aa,126.844731,37.55766,,,초심스터디카페,448.00000000000006,,초심스터디카페
�ㅼ궗42aa51aa,126.844731,37.55766,,,노르웨이숲,448.00000000000006,,노르웨이숲
�ㅼ궗42aa51aa,126.844731,37.55766,,,노르웨이숲,448.00000000000006,,노르웨이숲
�ㅼ궗42aa51aa,126.844731,37.55766,,,카페24창업센터,448.00000000000006,,카페24창업센터
�ㅼ궗42aa51aa,126.844731,37.55766,,,해현당,448.00000000000006,,해현당
�ㅼ궗42aa51aa,126.844731,37.55766,,,cafe희&희,448.00000000000006,,cafe희&희
�ㅼ궗42aa50bb,126.844751,37.555406,,,,369.0,,
�ㅼ궗42ab50ba,126.847601,37.553169,,,아르미안,2054.0,,아르미안
�ㅼ궗42ab50ba,126.847601,37.553169,,,카페,2054.0,,카페
�ㅼ궗42ab50ba,126.847601,37.553169,,,카페에이,2054.0,,카페에이
�ㅼ궗42ab50bb,126.847581,37.555422,,,,1946.0,,
�ㅼ궗42ab51bb,126.847503,37.564435,,,커피게이트,1058.0,,커피게이트
�ㅼ궗42ab51bb,126.847503,37.564435,,,커피사피엔스등촌데시앙플렉스점,1058.0,,커피사피엔스등촌데시앙플렉스점
�ㅼ궗42ab51aa,126.847562,37.557675,,,에크미,851.0,,에크미
�ㅼ궗42ab51aa,126.847562,37.557675,,,까페미웨이,851.0,,까페미웨이
�ㅼ궗42ab51aa,126.847562,37.557675,,,커피내풀로,851.0,,커피내풀로
�ㅼ궗42ab51aa,126.847562,37.557675,,,갤러리카페무크몽크,851.0,,갤러리카페무크몽크
�ㅼ궗42ab51aa,126.847562,37.557675,,,민쓰커피,851.0,,민쓰커피
�ㅼ궗42ab47bb,126.847817,37.528383,,,카페,319.99999999999994,,카페
�ㅼ궗42ab48aa,126.847797,37.530636,,,카페,2068.0,,카페
�ㅼ궗42ab48aa,126.847797,37.530636,,,메가엠지씨커피,2068.0,,메가엠지씨커피
�ㅼ궗42ab48aa,126.847797,37.530636,,,그리다,2068.0,,그리다
�ㅼ궗42ab48aa,126.847797,37.530636,,,투썸플레이스,2068.0,투썸플레이스,
�ㅼ궗42ab48aa,126.847797,37.530636,,,파스쿠찌,2068.0,,파스쿠찌
�ㅼ궗42ab48aa,126.847797,37.530636,,,벌툰,2068.0,,벌툰
�ㅼ궗42ab48aa,126.847797,37.530636,,,공차,2068.0,,공차
�ㅼ궗42ab48aa,126.847797,37.530636,,,THELILY더릴리,2068.0,,THELILY더릴리
�ㅼ궗42ab48aa,126.847797,37.530636,,,우리애견샵,2068.0,,우리애견샵
�ㅼ궗42ab48aa,126.847797,37.530636,,,카페,2068.0,,카페
�ㅼ궗42ab48aa,126.847797,37.530636,,,에어리가든,2068.0,,에어리가든
�ㅼ궗42ab48aa,126.847797,37.530636,,,요거해,2068.0,,요거해
�ㅼ궗42ba49aa,126.850549,37.539665,,,,3320.0,,
�ㅼ궗42ba48ab,126.850607,37.532905,,,미소커핑,3623.0,,미소커핑
�ㅼ궗42ba48ab,126.850607,37.532905,,,좋은씨앗,3623.0,,좋은씨앗
�ㅼ궗42ba48ab,126.850607,37.532905,,,라니네,3623.0,,라니네
�ㅼ궗42ba48ab,126.850607,37.532905,,,커피브레이크,3623.0,,커피브레이크
�ㅼ궗42ba50aa,126.85047,37.548678,,,프렌즈빈,2072.0,,프렌즈빈
�ㅼ궗42ba50aa,126.85047,37.548678,,,언니네,2072.0,,언니네
�ㅼ궗42ba50aa,126.85047,37.548678,,,핑크스토리,2072.0,,핑크스토리
�ㅼ궗42ba50aa,126.85047,37.548678,,,태양다밥,2072.0,,태양다밥
�ㅼ궗42ba50aa,126.85047,37.548678,,,커피바리아르,2072.0,,커피바리아르
�ㅼ궗42ba50aa,126.85047,37.548678,,,커피101스트릿,2072.0,,커피101스트릿
�ㅼ궗42ba49ab,126.850529,37.541918,,,,1878.0,,
�ㅼ궗42ba49ba,126.850509,37.544171,,,,1092.0,,
�ㅼ궗42ab52bb,126.847424,37.573448,,,,,,
�ㅼ궗42ba47bb,126.850646,37.528399,,,디자인에버,588.0,,디자인에버
�ㅼ궗42ab53aa,126.847405,37.575701,,,,,,
�ㅼ궗42ab53ab,126.847385,37.577954,,,,,,
�ㅼ궗42ba52bb,126.850255,37.573464,,,,,,
�ㅼ궗42ba53aa,126.850236,37.575717,,,,,,
�ㅼ궗42ba52ab,126.850294,37.568957,,,그라나다,625.0,,그라나다
�ㅼ궗42bb48ab,126.853437,37.532921,,,로스팅포인트,2233.0,,로스팅포인트
�ㅼ궗42bb48ba,126.853417,37.535174,,,,3456.0,,
�ㅼ궗42bb47bb,126.853476,37.528414,,,,321.0,,
�ㅼ궗42ba50bb,126.850412,37.555438,,,카페에스크,2389.0,,카페에스크
�ㅼ궗42ba50bb,126.850412,37.555438,,,카페,2389.0,,카페
�ㅼ궗42ba50bb,126.850412,37.555438,,,빛나는커피집,2389.0,,빛나는커피집
�ㅼ궗42ba50bb,126.850412,37.555438,,,매머드익스프레스우장산,2389.0,,매머드익스프레스우장산
�ㅼ궗42ba50bb,126.850412,37.555438,,,로로,2389.0,,로로
�ㅼ궗42ba51aa,126.850392,37.557691,,,BM카페,264.0,,BM카페
�ㅼ궗42ba51aa,126.850392,37.557691,,,더썬카페,264.0,,더썬카페
�ㅼ궗42ba51aa,126.850392,37.557691,,,폴바셋,264.0,폴바셋,
�ㅼ궗42ba51aa,126.850392,37.557691,,,커피더캠프KBS스포츠월드컵,264.0,,커피더캠프KBS스포츠월드컵
�ㅼ궗42ba51aa,126.850392,37.557691,,,탐앤탐스,264.0,,탐앤탐스
�ㅼ궗42ba51aa,126.850392,37.557691,,,까페일루시온,264.0,,까페일루시온
�ㅼ궗42ba50ab,126.850451,37.550931,,,아아수혈,905.0,,아아수혈
�ㅼ궗42ba50ab,126.850451,37.550931,,,커피에이엠,905.0,,커피에이엠
�ㅼ궗42ba50ab,126.850451,37.550931,,,홍스커피,905.0,,홍스커피
�ㅼ궗42ba50ba,126.850431,37.553184,,,미스터브리즈커피강서구청점,1597.0,,미스터브리즈커피강서구청점
�ㅼ궗42ba50ba,126.850431,37.553184,,,커피빈,1597.0,,커피빈
�ㅼ궗42ba50ba,126.850431,37.553184,,,메가엠지씨커피,1597.0,,메가엠지씨커피
�ㅼ궗42ba50ba,126.850431,37.553184,,,빵팔구,1597.0,,빵팔구
�ㅼ궗42ba50ba,126.850431,37.553184,,,마리웨일마카롱,1597.0,,마리웨일마카롱
�ㅼ궗42ba50ba,126.850431,37.553184,,,그린필드커피,1597.0,,그린필드커피
�ㅼ궗42ba50ba,126.850431,37.553184,,,탐앤탐스,1597.0,,탐앤탐스
�ㅼ궗42ba50ba,126.850431,37.553184,,,089커피앤베이커리,1597.0,,089커피앤베이커리
�ㅼ궗42ba50ba,126.850431,37.553184,,,컴포즈커피,1597.0,,컴포즈커피
�ㅼ궗42ba50ba,126.850431,37.553184,,,빽다방,1597.0,,빽다방
�ㅼ궗42ba50ba,126.850431,37.553184,,,대만버블티차눙x숲속호두,1597.0,,대만버블티차눙x숲속호두
�ㅼ궗42ba52aa,126.850314,37.566704,,,,2285.0,,
�ㅼ궗42ba51ba,126.850353,37.562197,,,쥬씨가양역점,2842.0,,쥬씨가양역점
�ㅼ궗42ba51ba,126.850353,37.562197,,,펫라이프,2842.0,,펫라이프
�ㅼ궗40aa51ba,126.822048,37.562038,,,,,,
�ㅼ궗40aa51aa,126.822089,37.557532,,,,340.0,,
�ㅼ궗40aa51ab,126.822068,37.559785,,,순수커피,2220.0,,순수커피
�ㅼ궗40aa51ab,126.822068,37.559785,,,보드멜,2220.0,,보드멜
�ㅼ궗40aa51ab,126.822068,37.559785,,,커피사피엔스홈앤쇼핑점,2220.0,,커피사피엔스홈앤쇼핑점
�ㅼ궗40aa51ab,126.822068,37.559785,,,에스카페,2220.0,,에스카페
�ㅼ궗40aa51ab,126.822068,37.559785,,,썸주스,2220.0,,썸주스
�ㅼ궗40aa52ab,126.821986,37.568798,,,카페수기,3207.0,,카페수기
�ㅼ궗40aa52ab,126.821986,37.568798,,,꾸따GGUDDA,3207.0,,꾸따GGUDDA
�ㅼ궗40aa49ba,126.822211,37.544012,,,,,,
�ㅼ궗39bb55ab,126.818909,37.59582,,,,,,
�ㅼ궗40aa49ab,126.822231,37.541759,,,,,,
�ㅼ궗40aa50bb,126.822109,37.555279,,,,19.0,,
�ㅼ궗40aa50aa,126.82217,37.548519,,,,1260.0,,
�ㅼ궗40aa50ab,126.82215,37.550772,,,카페루앤비,1290.0,,카페루앤비
�ㅼ궗40aa50ab,126.82215,37.550772,,,무지달다,1290.0,,무지달다
�ㅼ궗40ab49bb,126.825021,37.546282,,,,385.0,,
�ㅼ궗40ab50aa,126.825,37.548535,,,,492.0,,
�ㅼ궗40ab49ab,126.825061,37.541775,,,,,,
�ㅼ궗40ab49ba,126.825041,37.544029,,,,,,
�ㅼ궗40ab51aa,126.824919,37.557548,,,마곡타로마님아카데미,2494.0,,마곡타로마님아카데미
�ㅼ궗40ab51aa,126.824919,37.557548,,,타임스터디카페,2494.0,,타임스터디카페
�ㅼ궗40ab51aa,126.824919,37.557548,,,카페루시,2494.0,,카페루시
�ㅼ궗40ab51aa,126.824919,37.557548,,,이디야커피,2494.0,,이디야커피
�ㅼ궗40ab51aa,126.824919,37.557548,,,주니아,2494.0,,주니아
�ㅼ궗40ab51aa,126.824919,37.557548,,,파파인,2494.0,,파파인
�ㅼ궗40ab51aa,126.824919,37.557548,,,윤스카페,2494.0,,윤스카페
�ㅼ궗40ab51aa,126.824919,37.557548,,,메가엠지씨커피마곡공진초점,2494.0,,메가엠지씨커피마곡공진초점
�ㅼ궗40ab50ab,126.82498,37.550788,,,,2863.0,,
�ㅼ궗40ab50ba,126.82496,37.553042,,,더벤티,1549.0,더벤티,
�ㅼ궗40aa53ba,126.821884,37.580064,,,,,,
�ㅼ궗40aa53bb,126.821864,37.582317,,,,,,
�ㅼ궗40aa53aa,126.821925,37.575558,,,,,,
�ㅼ궗40aa53ab,126.821905,37.577811,,,,,,
�ㅼ궗40aa54ba,126.821803,37.589077,,,,,,
�ㅼ궗40aa54bb,126.821782,37.59133,,,,,,
�ㅼ궗40aa54aa,126.821843,37.584571,,,,,,
�ㅼ궗40aa54ab,126.821823,37.586824,,,,,,
�ㅼ궗40ab54aa,126.824675,37.584587,,,,,,
�ㅼ궗40ab54ab,126.824654,37.58684,,,,,,
�ㅼ궗40ab53ba,126.824716,37.58008,,,,,,
�ㅼ궗40ab53bb,126.824695,37.582334,,,,,,
�ㅼ궗40ba49bb,126.82785,37.546298,,,,,,
�ㅼ궗40ba50aa,126.82783,37.548551,,,,,,
�ㅼ궗40ab54ba,126.824634,37.589093,,,,,,
�ㅼ궗40ab54bb,126.824614,37.591346,,,,,,
�ㅼ궗40ab52aa,126.824838,37.566561,,,청년다방,344.0,,청년다방
�ㅼ궗40ab52aa,126.824838,37.566561,,,제제커피마곡,344.0,,제제커피마곡
�ㅼ궗40ab52ab,126.824817,37.568814,,,호두파이이야기,3501.0,,호두파이이야기
�ㅼ궗40ab52ab,126.824817,37.568814,,,더플롯커피,3501.0,,더플롯커피
�ㅼ궗40ab52ab,126.824817,37.568814,,,더디어리,3501.0,,더디어리
�ㅼ궗40ab52ab,126.824817,37.568814,,,커피쿡마곡,3501.0,,커피쿡마곡
�ㅼ궗40ab52ab,126.824817,37.568814,,,파리의부엌,3501.0,,파리의부엌
�ㅼ궗40ab52ab,126.824817,37.568814,,,이디야커피,3501.0,,이디야커피
�ㅼ궗40ab52ab,126.824817,37.568814,,,스타벅스마곡나루역점,3501.0,스타벅스,
�ㅼ궗40ab52ab,126.824817,37.568814,,,후르츠13.5,3501.0,,후르츠13.5
�ㅼ궗40ab52ab,126.824817,37.568814,,,오우야에스프레소바,3501.0,,오우야에스프레소바
�ㅼ궗40ab52ab,126.824817,37.568814,,,오슬로우마곡,3501.0,,오슬로우마곡
�ㅼ궗40ab52ab,126.824817,37.568814,,,카페디얼,3501.0,,카페디얼
�ㅼ궗40ab52ab,126.824817,37.568814,,,식스프레소,3501.0,,식스프레소
�ㅼ궗40ab52ab,126.824817,37.568814,,,오우야에스프레소바마곡,3501.0,,오우야에스프레소바마곡
�ㅼ궗40ab52ab,126.824817,37.568814,,,카페샤르,3501.0,,카페샤르
�ㅼ궗40ab52ab,126.824817,37.568814,,,아브릴Avril,3501.0,,아브릴Avril
�ㅼ궗40ab52ab,126.824817,37.568814,,,그릭다,3501.0,,그릭다
�ㅼ궗40ab52ab,126.824817,37.568814,,,인피니트,3501.0,,인피니트
�ㅼ궗40ab52ab,126.824817,37.568814,,,벌집다방마곡,3501.0,,벌집다방마곡
�ㅼ궗40ab51ba,126.824878,37.562054,,,이디야커피,0.0,,이디야커피
�ㅼ궗40ab51ba,126.824878,37.562054,,,셀렉토커피마곡점,0.0,,셀렉토커피마곡점
�ㅼ궗40ab51ba,126.824878,37.562054,,,텐포티커피컴퍼니,0.0,,텐포티커피컴퍼니
�ㅼ궗40ab51ba,126.824878,37.562054,,,브루클린커피,0.0,,브루클린커피
�ㅼ궗40ab51ba,126.824878,37.562054,,,얍얍커피,0.0,,얍얍커피
�ㅼ궗40ab51bb,126.824858,37.564308,,,모멘토카페,1208.0,,모멘토카페
�ㅼ궗40ab51bb,126.824858,37.564308,,,카페청운,1208.0,,카페청운
�ㅼ궗40ab51bb,126.824858,37.564308,,,에이썸,1208.0,,에이썸
�ㅼ궗40ab53aa,126.824756,37.575574,,,,,,
�ㅼ궗40ab53ab,126.824736,37.577827,,,,,,
�ㅼ궗40ab52bb,126.824777,37.573321,,,,65.0,,
�ㅼ궗40ba52bb,126.827608,37.573337,,,,,,
�ㅼ궗40ba53aa,126.827587,37.57559,,,,,,
�ㅼ궗40ba53bb,126.827526,37.58235,,,,,,
�ㅼ궗40ba54aa,126.827506,37.584603,,,,,,
�ㅼ궗40ba53ab,126.827567,37.577843,,,,,,
�ㅼ궗40ba53ba,126.827547,37.580096,,,,,,
�ㅼ궗40ba51aa,126.827749,37.557564,,,달리는커피마곡역점,1301.0,,달리는커피마곡역점
�ㅼ궗40ba51aa,126.827749,37.557564,,,셀렉토커피,1301.0,,셀렉토커피
�ㅼ궗40ba51aa,126.827749,37.557564,,,더뉴스테드,1301.0,,더뉴스테드
�ㅼ궗40ba51aa,126.827749,37.557564,,,브런치팩토리,1301.0,,브런치팩토리
�ㅼ궗40ba51aa,126.827749,37.557564,,,매머드익스프레스마곡그랑,1301.0,,매머드익스프레스마곡그랑
�ㅼ궗40ba51aa,126.827749,37.557564,,,빌리엔젤,1301.0,,빌리엔젤
�ㅼ궗40ba51aa,126.827749,37.557564,,,어반디저트,1301.0,,어반디저트
�ㅼ궗40ba51aa,126.827749,37.557564,,,카페,1301.0,,카페
�ㅼ궗40ba51aa,126.827749,37.557564,,,꽃밀,1301.0,,꽃밀
�ㅼ궗40ba51aa,126.827749,37.557564,,,요거베리,1301.0,,요거베리
�ㅼ궗40ba51aa,126.827749,37.557564,,,위드디저트,1301.0,,위드디저트
�ㅼ궗40ba50ab,126.82781,37.550804,,,카페맘,1212.0,,카페맘
�ㅼ궗40ba51bb,126.827689,37.564324,,,,,,
�ㅼ궗40ba52aa,126.827668,37.566577,,,설빙,1233.0,,설빙
�ㅼ궗40ba52aa,126.827668,37.566577,,,이디야커피,1233.0,,이디야커피
�ㅼ궗40ba52aa,126.827668,37.566577,,,투썸플레이스,1233.0,투썸플레이스,
�ㅼ궗40ba52aa,126.827668,37.566577,,,텐퍼센트커피마곡,1233.0,,텐퍼센트커피마곡
�ㅼ궗40ba52aa,126.827668,37.566577,,,땡땡커피,1233.0,,땡땡커피
�ㅼ궗40ba52aa,126.827668,37.566577,,,엠케이이디야마곡나루역점,1233.0,,엠케이이디야마곡나루역점
�ㅼ궗40ba52aa,126.827668,37.566577,,,마스터키이디야마곡나루역점,1233.0,,마스터키이디야마곡나루역점
�ㅼ궗40ba52aa,126.827668,37.566577,,,커피아,1233.0,,커피아
�ㅼ궗40ba52aa,126.827668,37.566577,,,에그베이커리,1233.0,,에그베이커리
�ㅼ궗40ba51ab,126.827729,37.559817,,,하삼동커피,916.0,,하삼동커피
�ㅼ궗40ba51ab,126.827729,37.559817,,,스타벅스,916.0,스타벅스,
�ㅼ궗40ba51ab,126.827729,37.559817,,,카페,916.0,,카페
�ㅼ궗40ba51ab,126.827729,37.559817,,,블레스인커피,916.0,,블레스인커피
�ㅼ궗40ba51ab,126.827729,37.559817,,,마인드리움,916.0,,마인드리움
�ㅼ궗40ba51ab,126.827729,37.559817,,,데일리,916.0,,데일리
�ㅼ궗40ba51ab,126.827729,37.559817,,,하삼동서울,916.0,,하삼동서울
�ㅼ궗40ba51ab,126.827729,37.559817,,,에그드랍마곡역점,916.0,,에그드랍마곡역점
�ㅼ궗40ba51ab,126.827729,37.559817,,,베네메디,916.0,,베네메디
�ㅼ궗40ba51ab,126.827729,37.559817,,,진심커피,916.0,,진심커피
�ㅼ궗40ba51ab,126.827729,37.559817,,,카페아에,916.0,,카페아에
�ㅼ궗40ba51ab,126.827729,37.559817,,,삼층다방,916.0,,삼층다방
�ㅼ궗40ba51ab,126.827729,37.559817,,,쉐드커피,916.0,,쉐드커피
�ㅼ궗40ba51ab,126.827729,37.559817,,,반달커피,916.0,,반달커피
�ㅼ궗40ba51ab,126.827729,37.559817,,,더150무인카페마곡보타닉,916.0,,더150무인카페마곡보타닉
�ㅼ궗40ba51ab,126.827729,37.559817,,,커피경제신문,916.0,,커피경제신문
�ㅼ궗40ba51ab,126.827729,37.559817,,,반달커피서울,916.0,,반달커피서울
�ㅼ궗40ba51ab,126.827729,37.559817,,,메가엠지씨커피마곡역점,916.0,,메가엠지씨커피마곡역점
�ㅼ궗40ba51ab,126.827729,37.559817,,,빽다방,916.0,,빽다방
�ㅼ궗40ba51ab,126.827729,37.559817,,,버터풀리,916.0,,버터풀리
�ㅼ궗40ba51ab,126.827729,37.559817,,,더블유홀덤스튜디오,916.0,,더블유홀덤스튜디오
�ㅼ궗40ba51ab,126.827729,37.559817,,,빙츄르,916.0,,빙츄르
�ㅼ궗40ba51ab,126.827729,37.559817,,,콤마바이,916.0,,콤마바이
�ㅼ궗40ba51ab,126.827729,37.559817,,,몬떼비서울,916.0,,몬떼비서울
�ㅼ궗40ba51ab,126.827729,37.559817,,,태산커피,916.0,,태산커피
�ㅼ궗40ba51ab,126.827729,37.559817,,,테이블디,916.0,,테이블디
�ㅼ궗40ba51ba,126.827709,37.562071,,,카페허브,,,카페허브
�ㅼ궗40bb51ab,126.830559,37.559833,,,카페희다마곡점,851.0,,카페희다마곡점
�ㅼ궗40bb51ab,126.830559,37.559833,,,할리스커피,851.0,,할리스커피
�ㅼ궗40bb51ab,126.830559,37.559833,,,헤리스헤이스,851.0,,헤리스헤이스
�ㅼ궗40bb51ab,126.830559,37.559833,,,이디야커피마곡역점,851.0,,이디야커피마곡역점
�ㅼ궗40bb51ab,126.830559,37.559833,,,카페루시,851.0,,카페루시
�ㅼ궗40bb51ab,126.830559,37.559833,,,리트웨이마곡,851.0,,리트웨이마곡
�ㅼ궗40bb51ab,126.830559,37.559833,,,콘레드커피,851.0,,콘레드커피
�ㅼ궗40bb51ab,126.830559,37.559833,,,슈거문,851.0,,슈거문
�ㅼ궗40bb51ab,126.830559,37.559833,,,아우어다이브,851.0,,아우어다이브
�ㅼ궗40bb51ab,126.830559,37.559833,,,투썸플레이스,851.0,투썸플레이스,
�ㅼ궗40bb51ab,126.830559,37.559833,,,카페,851.0,,카페
�ㅼ궗40bb51ab,126.830559,37.559833,,,카페에벤,851.0,,카페에벤
�ㅼ궗40bb51ab,126.830559,37.559833,,,코코커피,851.0,,코코커피
�ㅼ궗40bb51ab,126.830559,37.559833,,,커피코트,851.0,,커피코트
�ㅼ궗40bb51ab,126.830559,37.559833,,,카페희다,851.0,,카페희다
�ㅼ궗40bb51ab,126.830559,37.559833,,,컴포즈커피,851.0,,컴포즈커피
�ㅼ궗40bb51ab,126.830559,37.559833,,,더치앤빈커피마곡이너매스점,851.0,,더치앤빈커피마곡이너매스점
�ㅼ궗40bb51ab,126.830559,37.559833,,,아임일리터,851.0,,아임일리터
�ㅼ궗40bb51ab,126.830559,37.559833,,,coffeeB커피비,851.0,,coffeeB커피비
�ㅼ궗40bb51ab,126.830559,37.559833,,,카페리턴,851.0,,카페리턴
�ㅼ궗40bb51ab,126.830559,37.559833,,,베러베스트,851.0,,베러베스트
�ㅼ궗40bb51ab,126.830559,37.559833,,,YogurYogur,851.0,,YogurYogur
�ㅼ궗40bb51ab,126.830559,37.559833,,,Jcoffee,851.0,,Jcoffee
�ㅼ궗40bb51ab,126.830559,37.559833,,,카페,851.0,,카페
�ㅼ궗40bb51ab,126.830559,37.559833,,,힐브레드,851.0,,힐브레드
�ㅼ궗40bb51ab,126.830559,37.559833,,,오지오커피,851.0,,오지오커피
�ㅼ궗40bb51ab,126.830559,37.559833,,,앤덴커피,851.0,,앤덴커피
�ㅼ궗40bb51ab,126.830559,37.559833,,,커피사피엔스마곡이너매스,851.0,,커피사피엔스마곡이너매스
�ㅼ궗40bb51ab,126.830559,37.559833,,,더카페,851.0,,더카페
�ㅼ궗40bb51ab,126.830559,37.559833,,,코너213corner213,851.0,,코너213corner213
�ㅼ궗40bb51ab,126.830559,37.559833,,,블루샥마곡,851.0,,블루샥마곡
�ㅼ궗40bb51ab,126.830559,37.559833,,,피커PICKER,851.0,,피커PICKER
�ㅼ궗40bb51ab,126.830559,37.559833,,,예루커피컴퍼니,851.0,,예루커피컴퍼니
�ㅼ궗40bb50bb,126.8306,37.555327,,,,1812.0,,
�ㅼ궗40bb52ba,126.830459,37.5711,,,,,,
�ㅼ궗40bb51bb,126.830519,37.56434,,,Lcafe,,,Lcafe
�ㅼ궗40bb51bb,126.830519,37.56434,,,엘지사이언스파크7층구내식당카페,,,엘지사이언스파크7층구내식당카페
�ㅼ궗40bb51bb,126.830519,37.56434,,,드롭탑,,,드롭탑
�ㅼ궗40bb52aa,126.830499,37.566593,,,,,,
�ㅼ궗40bb49ab,126.830721,37.541808,,,,932.0,,
�ㅼ궗40ba54ab,126.827486,37.586856,,,,,,
�ㅼ궗40ba54ba,126.827466,37.589109,,,,,,
�ㅼ궗40bb50ba,126.83062,37.553074,,,베러고,2524.0,,베러고
�ㅼ궗40bb50ba,126.83062,37.553074,,,커피집,2524.0,,커피집
�ㅼ궗40bb50ba,126.83062,37.553074,,,카페리세,2524.0,,카페리세
�ㅼ궗40bb49bb,126.83068,37.546314,,,,1234.0,,
�ㅼ궗40bb50aa,126.83066,37.548567,,,,66.0,,
�ㅼ궗41aa48bb,126.833591,37.537317,,,,258.0,,
�ㅼ궗41aa49aa,126.83357,37.53957,,,멍멍이다방,535.0,,멍멍이다방
�ㅼ궗41aa50ab,126.83347,37.550837,,,소니,3406.0,,소니
�ㅼ궗41aa50ab,126.83347,37.550837,,,발음북카페,3406.0,,발음북카페
�ㅼ궗41aa50ab,126.83347,37.550837,,,카페비쥬,3406.0,,카페비쥬
�ㅼ궗40bb53ab,126.830398,37.577859,,,,,,
�ㅼ궗40bb53ba,126.830378,37.580113,,,,,,
�ㅼ궗40bb52bb,126.830438,37.573353,,,,,,
�ㅼ궗40bb53aa,126.830418,37.575606,,,,,,
�ㅼ궗40bb54ab,126.830317,37.586872,,,,,,
�ㅼ궗41aa48ba,126.833611,37.535064,,,,28.000000000000004,,
�ㅼ궗40bb53bb,126.830358,37.582366,,,,,,
�ㅼ궗40bb54aa,126.830338,37.584619,,,,,,
�ㅼ궗41aa53ab,126.833229,37.577875,,,,,,
�ㅼ궗41aa53ba,126.833209,37.580129,,,,,,
�ㅼ궗41aa52bb,126.833269,37.573369,,,,,,
�ㅼ궗41aa53aa,126.833249,37.575622,,,,,,
�ㅼ궗41aa54ab,126.833149,37.586888,,,,,,
�ㅼ궗41ab48aa,126.83648,37.530573,,,,27.0,,
�ㅼ궗41aa53bb,126.833189,37.582382,,,,,,
�ㅼ궗41aa54aa,126.833169,37.584635,,,,,,
�ㅼ궗41aa51ab,126.83339,37.559849,,,스타벅스,,스타벅스,
�ㅼ궗41aa51ab,126.83339,37.559849,,,커피빈,,,커피빈
�ㅼ궗41aa51ab,126.83339,37.559849,,,휘카페마곡,,,휘카페마곡
�ㅼ궗41aa51ab,126.83339,37.559849,,,샵힘이나는커피생활,,,샵힘이나는커피생활
�ㅼ궗41aa51ab,126.83339,37.559849,,,카페가토,,,카페가토
�ㅼ궗41aa51ab,126.83339,37.559849,,,익스큐즈미,,,익스큐즈미
�ㅼ궗41aa51ab,126.83339,37.559849,,,빌리엔젤,,,빌리엔젤
�ㅼ궗41aa51ab,126.83339,37.559849,,,별찌커피,,,별찌커피
�ㅼ궗41aa51ab,126.83339,37.559849,,,더벤티,,더벤티,
�ㅼ궗41aa51ab,126.83339,37.559849,,,플립커피로스터스,,,플립커피로스터스
�ㅼ궗41aa51ab,126.83339,37.559849,,,크레이저커피,,,크레이저커피
�ㅼ궗41aa51ab,126.83339,37.559849,,,커피에반하다,,,커피에반하다
�ㅼ궗41aa51ab,126.83339,37.559849,,,컴포즈커피,,,컴포즈커피
�ㅼ궗41aa51ab,126.83339,37.559849,,,커피쿡마곡,,,커피쿡마곡
�ㅼ궗41aa51ab,126.83339,37.559849,,,만랩커피마곡LG사이언,,,만랩커피마곡LG사이언
�ㅼ궗41aa51ab,126.83339,37.559849,,,카페,,,카페
�ㅼ궗41aa51ab,126.83339,37.559849,,,파머스빈,,,파머스빈
�ㅼ궗41aa51ab,126.83339,37.559849,,,바른차생활,,,바른차생활
�ㅼ궗41aa51ab,126.83339,37.559849,,,커피링거,,,커피링거
�ㅼ궗41aa51ab,126.83339,37.559849,,,티에리,,,티에리
�ㅼ궗41aa51ab,126.83339,37.559849,,,부엔디아,,,부엔디아
�ㅼ궗41aa51ab,126.83339,37.559849,,,마곡테이블,,,마곡테이블
�ㅼ궗41aa51ab,126.83339,37.559849,,,꿀카롱,,,꿀카롱
�ㅼ궗41aa51ab,126.83339,37.559849,,,홍콩다방,,,홍콩다방
�ㅼ궗41aa51ab,126.83339,37.559849,,,몽슈크레,,,몽슈크레
�ㅼ궗41aa51ab,126.83339,37.559849,,,메가엠지씨커피마곡,,,메가엠지씨커피마곡
�ㅼ궗41aa51ab,126.83339,37.559849,,,오슬로우,,,오슬로우
�ㅼ궗41aa51ab,126.83339,37.559849,,,다정다감,,,다정다감
�ㅼ궗41aa51ab,126.83339,37.559849,,,더플롯커피,,,더플롯커피
�ㅼ궗41aa51ab,126.83339,37.559849,,,커스텀커피,,,커스텀커피
�ㅼ궗41aa51ab,126.83339,37.559849,,,그린데이,,,그린데이
�ㅼ궗41aa51ab,126.83339,37.559849,,,텐퍼센트커피마곡리더스퀘어점,,,텐퍼센트커피마곡리더스퀘어점
�ㅼ궗41aa51ab,126.83339,37.559849,,,플랜,,,플랜
�ㅼ궗41aa51ab,126.83339,37.559849,,,댄싱컵,,,댄싱컵
�ㅼ궗41aa51ab,126.83339,37.559849,,,그랩더스푼,,,그랩더스푼
�ㅼ궗41aa51ab,126.83339,37.559849,,,어바웃오디너리,,,어바웃오디너리
�ㅼ궗41aa51ab,126.83339,37.559849,,,모센즈스위트마곡,,,모센즈스위트마곡
�ㅼ궗41aa51ba,126.83337,37.562103,,,,,,
�ㅼ궗41aa50bb,126.83343,37.555343,,,,26.0,,
�ㅼ궗41aa51aa,126.83341,37.557596,,,까페나루,0.0,,까페나루
�ㅼ궗41aa51aa,126.83341,37.557596,,,시크릿쥬쥬엔또봇키즈까페,0.0,,시크릿쥬쥬엔또봇키즈까페
�ㅼ궗41aa51aa,126.83341,37.557596,,,컴포즈커피,0.0,,컴포즈커피
�ㅼ궗41aa51aa,126.83341,37.557596,,,MEISTERCOFFEE,0.0,,MEISTERCOFFEE
�ㅼ궗41aa51aa,126.83341,37.557596,,,밀화당,0.0,,밀화당
�ㅼ궗41aa51aa,126.83341,37.557596,,,야르르,0.0,,야르르
�ㅼ궗41aa51aa,126.83341,37.557596,,,빽다방,0.0,,빽다방
�ㅼ궗41aa51aa,126.83341,37.557596,,,트리플에이,0.0,,트리플에이
�ㅼ궗41aa52ab,126.83331,37.568862,,,,,,
�ㅼ궗41aa52ba,126.83329,37.571116,,,스무디킹,,,스무디킹
�ㅼ궗41aa52ba,126.83329,37.571116,,,카페,,,카페
�ㅼ궗41aa52ba,126.83329,37.571116,,,코레우리,,,코레우리
�ㅼ궗41aa52ba,126.83329,37.571116,,,커피에꽃을담다,,,커피에꽃을담다
�ㅼ궗41aa51bb,126.83335,37.564356,,,,,,
�ㅼ궗41aa52aa,126.83333,37.566609,,,,,,
�ㅼ궗41ab51aa,126.83624,37.557612,,,스타벅스,15.0,스타벅스,
�ㅼ궗41ab51aa,126.83624,37.557612,,,카페말로,15.0,,카페말로
�ㅼ궗41ab51aa,126.83624,37.557612,,,블루포트이대서울병원점,15.0,,블루포트이대서울병원점
�ㅼ궗41ab51aa,126.83624,37.557612,,,앤티앤스,15.0,,앤티앤스
�ㅼ궗41ab51aa,126.83624,37.557612,,,파스쿠찌,15.0,,파스쿠찌
�ㅼ궗41ab51aa,126.83624,37.557612,,,공차,15.0,,공차
�ㅼ궗41ab51aa,126.83624,37.557612,,,시나본이대서울병원점,15.0,,시나본이대서울병원점
�ㅼ궗41ab51aa,126.83624,37.557612,,,메가엠지씨커피이대서울병원,15.0,,메가엠지씨커피이대서울병원
�ㅼ궗41ab50ba,126.83628,37.553106,,,알랑가,1106.0,,알랑가
�ㅼ궗41ab50ba,126.83628,37.553106,,,아마스빈코리아,1106.0,,아마스빈코리아
�ㅼ궗41ab50ba,126.83628,37.553106,,,CoCocafe,1106.0,,CoCocafe
�ㅼ궗41ab50ba,126.83628,37.553106,,,카페루소캣,1106.0,,카페루소캣
�ㅼ궗41ab50ba,126.83628,37.553106,,,로비카페,1106.0,,로비카페
�ㅼ궗41ab50ba,126.83628,37.553106,,,컴포즈커피,1106.0,,컴포즈커피
�ㅼ궗41ab50ba,126.83628,37.553106,,,카페문,1106.0,,카페문
�ㅼ궗41ab50ba,126.83628,37.553106,,,날쌘카페,1106.0,,날쌘카페
�ㅼ궗41ab50ba,126.83628,37.553106,,,메가엠지씨커피,1106.0,,메가엠지씨커피
�ㅼ궗41ab50ba,126.83628,37.553106,,,커피베이,1106.0,,커피베이
�ㅼ궗41ab50ba,126.83628,37.553106,,,밤부커피디엔에이,1106.0,,밤부커피디엔에이
�ㅼ궗41ab50ba,126.83628,37.553106,,,ileen,1106.0,,ileen
�ㅼ궗41ab50ba,126.83628,37.553106,,,카페알린,1106.0,,카페알린
�ㅼ궗41ab50ba,126.83628,37.553106,,,어나더사이드,1106.0,,어나더사이드
�ㅼ궗41ab50bb,126.83626,37.555359,,,융드립커피,257.0,,융드립커피
�ㅼ궗41ab50bb,126.83626,37.555359,,,쑤앤쑤,257.0,,쑤앤쑤
�ㅼ궗41ab50bb,126.83626,37.555359,,,카페R,257.0,,카페R
�ㅼ궗41ab50bb,126.83626,37.555359,,,1월의윤슬,257.0,,1월의윤슬
�ㅼ궗41ab50bb,126.83626,37.555359,,,마카마카마곡,257.0,,마카마카마곡
�ㅼ궗41ab50bb,126.83626,37.555359,,,카페퍼퍼,257.0,,카페퍼퍼
�ㅼ궗41ab52aa,126.83616,37.566625,,,,,,
�ㅼ궗41ab52ab,126.83614,37.568878,,,,,,
�ㅼ궗41ab51ba,126.8362,37.562119,,,레드플랜트,,,레드플랜트
�ㅼ궗41ab51ba,126.8362,37.562119,,,컴포즈커피,,,컴포즈커피
�ㅼ궗41ab51ba,126.8362,37.562119,,,커피사피엔스,,,커피사피엔스
�ㅼ궗41ab51bb,126.83618,37.564372,,,행복마루,,,행복마루
�ㅼ궗41ab51bb,126.83618,37.564372,,,코오롱엘에스아이,,,코오롱엘에스아이
�ㅼ궗41ab49aa,126.8364,37.539586,,,공차화곡역점,2361.0,,공차화곡역점
�ㅼ궗41ab49aa,126.8364,37.539586,,,스타벅스,2361.0,스타벅스,
�ㅼ궗41ab49aa,126.8364,37.539586,,,블랙빈,2361.0,,블랙빈
�ㅼ궗41ab49aa,126.8364,37.539586,,,공차,2361.0,,공차
�ㅼ궗41ab49aa,126.8364,37.539586,,,매머드익스프레스,2361.0,,매머드익스프레스
�ㅼ궗41ab49aa,126.8364,37.539586,,,슬기로운커피생활,2361.0,,슬기로운커피생활
�ㅼ궗41ab49aa,126.8364,37.539586,,,어라우즈,2361.0,,어라우즈
�ㅼ궗41ab49aa,126.8364,37.539586,,,커피에반하다,2361.0,,커피에반하다
�ㅼ궗41ab49aa,126.8364,37.539586,,,커피&비어,2361.0,,커피&비어
�ㅼ궗41ab48ab,126.83646,37.532826,,,CU,1206.0,,CU
�ㅼ궗41ab50ab,126.8363,37.550852,,,퀸즈브라운,2201.0,,퀸즈브라운
�ㅼ궗41ab50ab,126.8363,37.550852,,,커피칼라,2201.0,,커피칼라
�ㅼ궗41ab50ab,126.8363,37.550852,,,브라운씨,2201.0,,브라운씨
�ㅼ궗41ab50ab,126.8363,37.550852,,,더스위트리,2201.0,,더스위트리
�ㅼ궗41ab49ab,126.83638,37.541839,,,쥬씨,2796.0,,쥬씨
�ㅼ궗41ab49ab,126.83638,37.541839,,,디저트39,2796.0,,디저트39
�ㅼ궗41ab49ab,126.83638,37.541839,,,이디아커피,2796.0,,이디아커피
�ㅼ궗41ab49ab,126.83638,37.541839,,,빌리브피티스튜디오,2796.0,,빌리브피티스튜디오
�ㅼ궗41ab49ab,126.83638,37.541839,,,규리네과일가게,2796.0,,규리네과일가게
�ㅼ궗38bb52ab,126.807833,37.568716,,,플리트,2089.0,,플리트
�ㅼ궗38bb52ab,126.807833,37.568716,,,몽키바나나,2089.0,,몽키바나나
�ㅼ궗38bb52ab,126.807833,37.568716,,,라떼는말이야,2089.0,,라떼는말이야
�ㅼ궗38bb52ab,126.807833,37.568716,,,카페,2089.0,,카페
�ㅼ궗38bb53ab,126.807749,37.577729,,,,477.0,,
�ㅼ궗38bb53ba,126.807728,37.579982,,,,,,
�ㅼ궗38bb52bb,126.807791,37.573222,,,투썸플레이스개화산역점,2000.0,투썸플레이스,
�ㅼ궗38bb52bb,126.807791,37.573222,,,유어무드,2000.0,,유어무드
�ㅼ궗38bb52bb,126.807791,37.573222,,,커피타임,2000.0,,커피타임
�ㅼ궗38bb52bb,126.807791,37.573222,,,세컨플로어,2000.0,,세컨플로어
�ㅼ궗38bb52bb,126.807791,37.573222,,,잉스커피&쿡의시대,2000.0,,잉스커피&쿡의시대
�ㅼ궗38bb52bb,126.807791,37.573222,,,서양콩차,2000.0,,서양콩차
�ㅼ궗38bb53aa,126.80777,37.575475,,,,765.0,,
�ㅼ궗38bb50ab,126.807999,37.55069,,,,,,
�ㅼ궗38bb50ba,126.807979,37.552943,,,,,,
�ㅼ궗38bb49bb,126.808041,37.546184,,,,,,
�ㅼ궗38bb50aa,126.80802,37.548437,,,,,,
�ㅼ궗38bb51ab,126.807916,37.559703,,,소장식물전,1226.0,,소장식물전
�ㅼ궗38bb51ba,126.807895,37.561956,,,커피드센트레,945.0,,커피드센트레
�ㅼ궗38bb51ba,126.807895,37.561956,,,1999카페,945.0,,1999카페
�ㅼ궗38bb50bb,126.807958,37.555196,,,,,,
�ㅼ궗38bb51aa,126.807937,37.55745,,,일리카페김포공항테라스점,15.0,,일리카페김포공항테라스점
�ㅼ궗38bb51aa,126.807937,37.55745,,,잠바주스,15.0,,잠바주스
�ㅼ궗38bb51aa,126.807937,37.55745,,,파스쿠찌,15.0,,파스쿠찌
�ㅼ궗38bb51aa,126.807937,37.55745,,,할리스,15.0,,할리스
�ㅼ궗39aa49ab,126.810912,37.541694,,,,,,
�ㅼ궗39aa49ba,126.810892,37.543947,,,,,,
�ㅼ궗38bb55bb,126.80754,37.600261,,,,,,
�ㅼ궗38bb56aa,126.80752,37.602514,,,,,,
�ㅼ궗39aa50ab,126.810829,37.550707,,,,,,
�ㅼ궗39aa50ba,126.810809,37.55296,,,,,,
�ㅼ궗39aa49bb,126.810871,37.5462,,,,,,
�ㅼ궗39aa50aa,126.81085,37.548453,,,,,,
�ㅼ궗38bb54ab,126.807666,37.586742,,,,,,
�ㅼ궗38bb54ba,126.807645,37.588995,,,,,,
�ㅼ궗38bb53bb,126.807707,37.582235,,,,,,
�ㅼ궗38bb54aa,126.807687,37.584488,,,,,,
�ㅼ궗38bb55ab,126.807582,37.595754,,,,,,
�ㅼ궗38bb55ba,126.807561,37.598008,,,,,,
�ㅼ궗38bb54bb,126.807624,37.591248,,,,,,
�ㅼ궗38bb55aa,126.807603,37.593501,,,,,,
�ㅼ궗39aa53bb,126.810539,37.582252,,,,,,
�ㅼ궗39aa53aa,126.810601,37.575492,,,휘카페,1370.0,,휘카페
�ㅼ궗39aa54ba,126.810476,37.589011,,,,,,
�ㅼ궗39aa54bb,126.810456,37.591265,,,,,,
�ㅼ궗39aa54aa,126.810518,37.584505,,,,84.0,,
�ㅼ궗39aa54ab,126.810497,37.586758,,,,,,
�ㅼ궗39aa51bb,126.810705,37.564226,,,카페153,1174.0,,카페153
�ㅼ궗39aa51bb,126.810705,37.564226,,,로직커피로스터스,1174.0,,로직커피로스터스
�ㅼ궗39aa51bb,126.810705,37.564226,,,이디야커피,1174.0,,이디야커피
�ㅼ궗39aa51bb,126.810705,37.564226,,,토닥토닥타로,1174.0,,토닥토닥타로
�ㅼ궗39aa50bb,126.810788,37.555213,,,,0.0,,
�ㅼ궗39aa51aa,126.810767,37.557466,,,행복한꽃이야기,1452.0,,행복한꽃이야기
�ㅼ궗39aa51aa,126.810767,37.557466,,,얌얌커피,1452.0,,얌얌커피
�ㅼ궗39aa52ba,126.810643,37.570986,,,라파원적외선찜질카페,2644.0,,라파원적외선찜질카페
�ㅼ궗39aa52ba,126.810643,37.570986,,,맘스케익,2644.0,,맘스케익
�ㅼ궗39aa52ba,126.810643,37.570986,,,노니카페,2644.0,,노니카페
�ㅼ궗39aa52aa,126.810684,37.566479,,,카페로이,1893.0,,카페로이
�ㅼ궗39ab50bb,126.813618,37.555229,,,킴스커피스튜디오,1832.0,,킴스커피스튜디오
�ㅼ궗39ab50bb,126.813618,37.555229,,,카페,1832.0,,카페
�ㅼ궗39ab50ab,126.81366,37.550723,,,,,,
�ㅼ궗39ab50ba,126.813639,37.552976,,,커피에반하다공항점,29.0,,커피에반하다공항점
�ㅼ궗39ab51bb,126.813536,37.564242,,,푸른풀밭,2164.0,,푸른풀밭
�ㅼ궗39ab51bb,126.813536,37.564242,,,소장식물전,2164.0,,소장식물전
�ㅼ궗39ab51ab,126.813577,37.559736,,,테리브라운,861.0,,테리브라운
�ㅼ궗39ab51ab,126.813577,37.559736,,,리키커피숍,861.0,,리키커피숍
�ㅼ궗39ab51ab,126.813577,37.559736,,,영다방,861.0,,영다방
�ㅼ궗39ab51ba,126.813556,37.561989,,,커피에반하다,1391.0,,커피에반하다
�ㅼ궗39ab51ba,126.813556,37.561989,,,핸더스,1391.0,,핸더스
�ㅼ궗39ab51ba,126.813556,37.561989,,,허니빈,1391.0,,허니빈
�ㅼ궗39ab51ba,126.813556,37.561989,,,웨알유커피,1391.0,,웨알유커피
�ㅼ궗39aa55ba,126.810393,37.598024,,,,,,
�ㅼ궗39aa55bb,126.810372,37.600277,,,,,,
�ㅼ궗39aa55aa,126.810435,37.593518,,,,,,
�ㅼ궗39aa55ab,126.810414,37.595771,,,,,,
�ㅼ궗39ab49bb,126.813701,37.546217,,,,,,
�ㅼ궗39ab50aa,126.81368,37.54847,,,오가다,,,오가다
�ㅼ궗39ab50aa,126.81368,37.54847,,,스카이카페,,,스카이카페
�ㅼ궗39ab49ab,126.813742,37.54171,,,,,,
�ㅼ궗39ab49ba,126.813722,37.543963,,,,,,
�ㅼ궗39ab55aa,126.813267,37.593534,,,,,,
�ㅼ궗39ab55ab,126.813246,37.595788,,,,,,
�ㅼ궗39ab54ba,126.813308,37.589028,,,,,,
�ㅼ궗39ab54bb,126.813287,37.591281,,,,,,
�ㅼ궗39ba49ab,126.816572,37.541726,,,,,,
�ㅼ궗39ba49ba,126.816551,37.54398,,,,,,
�ㅼ궗39ab55ba,126.813225,37.598041,,,,,,
�ㅼ궗39ba49aa,126.816592,37.539473,,,,,,
�ㅼ궗39ab52ab,126.813494,37.568749,,,샤론,2251.0,,샤론
�ㅼ궗39ab52ab,126.813494,37.568749,,,샤나쥬얼리카페,2251.0,,샤나쥬얼리카페
�ㅼ궗39ab52ab,126.813494,37.568749,,,라파원적외선찜질카페,2251.0,,라파원적외선찜질카페
�ㅼ궗39ab52ab,126.813494,37.568749,,,이디야커피,2251.0,,이디야커피
�ㅼ궗39ab52ab,126.813494,37.568749,,,아임일리터,2251.0,,아임일리터
�ㅼ궗39ab52ab,126.813494,37.568749,,,어보블,2251.0,,어보블
�ㅼ궗39ab52ab,126.813494,37.568749,,,메가엠지씨커피,2251.0,,메가엠지씨커피
�ㅼ궗39ab52ab,126.813494,37.568749,,,크로플아일랜드,2251.0,,크로플아일랜드
�ㅼ궗39ab52ba,126.813473,37.571002,,,멀티커피,2761.0,,멀티커피
�ㅼ궗39ab52ba,126.813473,37.571002,,,만남의장소,2761.0,,만남의장소
�ㅼ궗39ab54aa,126.813349,37.584521,,,,,,
�ㅼ궗39ab54ab,126.813329,37.586775,,,,,,
�ㅼ궗39ab53bb,126.81337,37.582268,,,,266.0,,
�ㅼ궗39ba52aa,126.816346,37.566512,,,아이손쿠킹클래스,585.0,,아이손쿠킹클래스
�ㅼ궗39ba52aa,126.816346,37.566512,,,커피사피엔스,585.0,,커피사피엔스
�ㅼ궗39ba52aa,126.816346,37.566512,,,투썸플레이스,585.0,투썸플레이스,
�ㅼ궗39ba52aa,126.816346,37.566512,,,럭키티엔에이치와플대학신방화역캠퍼스,585.0,,럭키티엔에이치와플대학신방화역캠퍼스
�ㅼ궗39ba52aa,126.816346,37.566512,,,메가엠지씨커피,585.0,,메가엠지씨커피
�ㅼ궗39ba52aa,126.816346,37.566512,,,텐퍼센트커피,585.0,,텐퍼센트커피
�ㅼ궗39ba53ba,126.816222,37.580031,,,,746.0,,
�ㅼ궗39ba52bb,126.816284,37.573272,,,띠아모,1973.0,,띠아모
�ㅼ궗39ba52bb,126.816284,37.573272,,,카페띠아모,1973.0,,카페띠아모
�ㅼ궗39ba52bb,126.816284,37.573272,,,솔카페,1973.0,,솔카페
�ㅼ궗39ba52bb,126.816284,37.573272,,,바빈스,1973.0,,바빈스
�ㅼ궗39ba53aa,126.816263,37.575525,,,스타벅스방화DT,1645.0,스타벅스,
�ㅼ궗39ba50ab,126.81649,37.550739,,,,,,
�ㅼ궗39ba50ba,126.816469,37.552993,,,맥카이하우스,221.0,,맥카이하우스
�ㅼ궗39ba49bb,126.816531,37.546233,,,,,,
�ㅼ궗39ba50aa,126.81651,37.548486,,,,,,
�ㅼ궗39ba51ab,126.816407,37.559752,,,,0.0,,
�ㅼ궗39ba51ba,126.816387,37.562006,,,,1934.0,,
�ㅼ궗39bb49bb,126.819361,37.546249,,,,0.0,,
�ㅼ궗39bb50aa,126.81934,37.548503,,,,0.0,,
�ㅼ궗39bb49ab,126.819402,37.541743,,,,,,
�ㅼ궗39bb49ba,126.819381,37.543996,,,,,,
�ㅼ궗39bb51aa,126.819258,37.557515,,,바운티,2765.0,,바운티
�ㅼ궗39bb50ab,126.81932,37.550756,,,,,,
�ㅼ궗39bb50ba,126.819299,37.553009,,,커피베이,26.0,,커피베이
�ㅼ궗39bb50ba,126.819299,37.553009,,,할리스커피발산역점,26.0,,할리스커피발산역점
�ㅼ궗39ba54ab,126.81616,37.586791,,,,,,
�ㅼ궗39ba54ba,126.816139,37.589044,,,,,,
�ㅼ궗39ba53bb,126.816201,37.582285,,,,,,
�ㅼ궗39ba55ab,126.816078,37.595804,,,,,,
�ㅼ궗39ba55ba,126.816057,37.598057,,,,,,
�ㅼ궗39ba54bb,126.816119,37.591298,,,,,,
�ㅼ궗39ba55aa,126.816098,37.593551,,,,,,
�ㅼ궗39bb53bb,126.819033,37.582301,,,,,,
�ㅼ궗39bb54aa,126.819012,37.584554,,,,,,
�ㅼ궗39bb53ab,126.819074,37.577795,,,배냇,864.0,,배냇
�ㅼ궗39bb53ba,126.819053,37.580048,,,,857.0,,
�ㅼ궗39bb54bb,126.81895,37.591314,,,,,,
�ㅼ궗39bb55aa,126.81893,37.593567,,,,,,
�ㅼ궗39bb54ab,126.818992,37.586807,,,,,,
�ㅼ궗39bb54ba,126.818971,37.589061,,,,,,
�ㅼ궗39bb52aa,126.819176,37.566528,,,점핑파크마곡점,3308.0,,점핑파크마곡점
�ㅼ궗39bb52aa,126.819176,37.566528,,,카페비라티오,3308.0,,카페비라티오
�ㅼ궗39bb52aa,126.819176,37.566528,,,컴포즈커피,3308.0,,컴포즈커피
�ㅼ궗39bb52aa,126.819176,37.566528,,,민스슬라임,3308.0,,민스슬라임
�ㅼ궗39bb52aa,126.819176,37.566528,,,Chooseyourcoffee,3308.0,,Chooseyourcoffee
�ㅼ궗39bb52aa,126.819176,37.566528,,,B.ratio,3308.0,,B.ratio
�ㅼ궗39bb52aa,126.819176,37.566528,,,퍼스커피,3308.0,,퍼스커피
�ㅼ궗39bb51ab,126.819238,37.559769,,,바리스타마르코마곡엠벨리점,2386.0,,바리스타마르코마곡엠벨리점
�ㅼ궗39bb51ab,126.819238,37.559769,,,Cafeumplate,2386.0,,Cafeumplate
�ㅼ궗39bb51ab,126.819238,37.559769,,,카페움플레이트,2386.0,,카페움플레이트
�ㅼ궗39bb52bb,126.819115,37.573288,,,멍마르뜨,2921.0,,멍마르뜨
�ㅼ궗39bb52ab,126.819156,37.568782,,,프루타,1737.0,,프루타
�ㅼ궗37ba53aa,126.793615,37.575392,,,,,,
�ㅼ궗37ba53ab,126.793594,37.577645,,,,,,
�ㅼ궗37ba52ba,126.793658,37.570885,,,,,,
�ㅼ궗37ba52bb,126.793636,37.573138,,,,,,
�ㅼ궗37ba54aa,126.79353,37.584404,,,,,,
�ㅼ궗37bb48bb,126.796806,37.537104,,,,,,
�ㅼ궗37ba53ba,126.793572,37.579898,,,,,,
�ㅼ궗37ba53bb,126.793551,37.582151,,,,,,
�ㅼ궗37ba51aa,126.793785,37.557366,,,,,,
�ㅼ궗37ba51ab,126.793764,37.559619,,,,,,
�ㅼ궗37ba50ba,126.793828,37.552859,,,,,,
�ㅼ궗37ba50bb,126.793806,37.555113,,,,,,
�ㅼ궗37ba52aa,126.7937,37.566379,,,,,,
�ㅼ궗37ba52ab,126.793679,37.568632,,,,,,
�ㅼ궗37ba51ba,126.793743,37.561872,,,,,,
�ㅼ궗37ba51bb,126.793721,37.564126,,,,,,
�ㅼ궗37bb51ba,126.796573,37.561889,,,모두락,,,모두락
�ㅼ궗37bb51bb,126.796552,37.564142,,,,,,
�ㅼ궗37bb51aa,126.796616,37.557383,,,,,,
�ㅼ궗37bb51ab,126.796594,37.559636,,,,,,
�ㅼ궗37bb52ba,126.796488,37.570902,,,,,,
�ㅼ궗37bb52bb,126.796467,37.573155,,,,,,
�ㅼ궗37bb52aa,126.796531,37.566396,,,,,,
�ㅼ궗37bb52ab,126.79651,37.568649,,,,,,
�ㅼ궗37bb49ba,126.796743,37.543863,,,,,,
�ㅼ궗37bb49bb,126.796721,37.546117,,,아시아나타운커피숍,,,아시아나타운커피숍
�ㅼ궗37bb49aa,126.796785,37.539357,,,,,,
�ㅼ궗37bb49ab,126.796764,37.54161,,,,,,
�ㅼ궗37bb50ba,126.796658,37.552876,,,,,,
�ㅼ궗37bb50bb,126.796637,37.55513,,,,,,
�ㅼ궗37bb50aa,126.7967,37.54837,,,,,,
�ㅼ궗37bb50ab,126.796679,37.550623,,,,,,
�ㅼ궗38aa49aa,126.799615,37.539374,,,,,,
�ㅼ궗38aa49ab,126.799593,37.541627,,,,,,
�ㅼ궗37bb55bb,126.796213,37.600194,,,,,,
�ㅼ궗38aa48bb,126.799636,37.537121,,,,,,
�ㅼ궗38aa50aa,126.79953,37.548387,,,,,,
�ㅼ궗38aa50ab,126.799509,37.55064,,,,,,
�ㅼ궗38aa49ba,126.799572,37.54388,,,,,,
�ㅼ궗38aa49bb,126.799551,37.546133,,,,,,
�ㅼ궗37bb53ba,126.796404,37.579915,,,,,,
�ㅼ궗37bb53bb,126.796382,37.582168,,,,,,
�ㅼ궗37bb53aa,126.796446,37.575409,,,,,,
�ㅼ궗37bb53ab,126.796425,37.577662,,,,,,
�ㅼ궗37bb55ab,126.796255,37.595687,,,,,,
�ㅼ궗37bb55ba,126.796234,37.597941,,,,,,
�ㅼ궗37bb54aa,126.796361,37.584421,,,,,,
�ㅼ궗37bb54ab,126.79634,37.586675,,,,,,
�ㅼ궗38aa53aa,126.799277,37.575425,,,,,,
�ㅼ궗38aa53ab,126.799256,37.577679,,,,0.0,,
�ㅼ궗38aa52ba,126.799319,37.570919,,,,,,
�ㅼ궗38aa52bb,126.799298,37.573172,,,,,,
�ㅼ궗38aa54aa,126.799193,37.584438,,,,261.0,,
�ㅼ궗38aa54ab,126.799171,37.586691,,,,,,
�ㅼ궗38aa53ba,126.799235,37.579932,,,제이쓰리글로벌,249.0,,제이쓰리글로벌
�ㅼ궗38aa53ba,126.799235,37.579932,,,cantocoffee,249.0,,cantocoffee
�ㅼ궗38aa53bb,126.799214,37.582185,,,,171.0,,
�ㅼ궗38aa51aa,126.799446,37.5574,,,,,,
�ㅼ궗38aa51ab,126.799425,37.559653,,,,,,
�ㅼ궗38aa50ba,126.799488,37.552893,,,,,,
�ㅼ궗38aa50bb,126.799467,37.555146,,,,,,
�ㅼ궗38aa52aa,126.799361,37.566412,,,,,,
�ㅼ궗38aa52ab,126.79934,37.568666,,,,,,
�ㅼ궗38aa51ba,126.799404,37.561906,,,,,,
�ㅼ궗38aa51bb,126.799383,37.564159,,,,,,
�ㅼ궗38ab50aa,126.80236,37.548403,,,,,,
�ㅼ궗38ab50ab,126.802339,37.550657,,,,,,
�ㅼ궗38ab49ba,126.802402,37.543897,,,,,,
�ㅼ궗38ab49bb,126.802381,37.54615,,,,,,
�ㅼ궗38ab51aa,126.802276,37.557416,,,,,,
�ㅼ궗38ab51ab,126.802255,37.55967,,,카페띠아모,,,카페띠아모
�ㅼ궗38ab51ab,126.802255,37.55967,,,할리스커피,,,할리스커피
�ㅼ궗38ab51ab,126.802255,37.55967,,,달콤커피,,,달콤커피
�ㅼ궗38ab51ab,126.802255,37.55967,,,공차,,,공차
�ㅼ궗38ab50ba,126.802318,37.55291,,,,,,
�ㅼ궗38ab50bb,126.802297,37.555163,,,,,,
�ㅼ궗38aa55aa,126.799108,37.593451,,,,,,
�ㅼ궗38aa55ab,126.799087,37.595704,,,,,,
�ㅼ궗38aa54ba,126.79915,37.588945,,,,,,
�ㅼ궗38aa54bb,126.799129,37.591198,,,,,,
�ㅼ궗38aa56aa,126.799023,37.602464,,,,,,
�ㅼ궗38ab49ab,126.802423,37.541644,,,,,,
�ㅼ궗38aa55ba,126.799066,37.597958,,,,,,
�ㅼ궗38aa55bb,126.799045,37.600211,,,,,,
�ㅼ궗38ab54ab,126.802003,37.586708,,,,201.0,,
�ㅼ궗38ab54ba,126.801982,37.588961,,,벨로치노개화점,135.0,,벨로치노개화점
�ㅼ궗38ab53bb,126.802045,37.582202,,,,,,
�ㅼ궗38ab54aa,126.802024,37.584455,,,,,,
�ㅼ궗38ab55ab,126.801919,37.595721,,,,,,
�ㅼ궗38ab55ba,126.801898,37.597974,,,,,,
�ㅼ궗38ab54bb,126.801961,37.591215,,,,,,
�ㅼ궗38ab55aa,126.80194,37.593468,,,,,,
�ㅼ궗38ab52ab,126.802171,37.568682,,,,,,
�ㅼ궗38ab52ba,126.80215,37.570936,,,지파시,,,지파시
�ㅼ궗38ab52ba,126.80215,37.570936,,,카페블라썸,,,카페블라썸
�ㅼ궗38ab52ba,126.80215,37.570936,,,더벤티,,더벤티,
�ㅼ궗38ab52ba,126.80215,37.570936,,,반디벅스,,,반디벅스
�ㅼ궗38ab52ba,126.80215,37.570936,,,이디야커피,,,이디야커피
�ㅼ궗38ab52ba,126.80215,37.570936,,,홉슈크림,,,홉슈크림
�ㅼ궗38ab52ba,126.80215,37.570936,,,백미당,,,백미당
�ㅼ궗38ab52ba,126.80215,37.570936,,,브랜드아키텍츠,,,브랜드아키텍츠
�ㅼ궗38ab52ba,126.80215,37.570936,,,달콤커피,,,달콤커피
�ㅼ궗38ab52ba,126.80215,37.570936,,,카페블라썸롯데백화점김포점,,,카페블라썸롯데백화점김포점
�ㅼ궗38ab52ba,126.80215,37.570936,,,아메리칸에그샌드,,,아메리칸에그샌드
�ㅼ궗38ab52ba,126.80215,37.570936,,,롯데씨티호텔김포공항점씨카페,,,롯데씨티호텔김포공항점씨카페
�ㅼ궗38ab52ba,126.80215,37.570936,,,공차,,,공차
�ㅼ궗38ab52ba,126.80215,37.570936,,,아메리칸트레일러,,,아메리칸트레일러
�ㅼ궗38ab52ba,126.80215,37.570936,,,맘스카페,,,맘스카페
�ㅼ궗38ab52ba,126.80215,37.570936,,,북카페릴리프,,,북카페릴리프
�ㅼ궗38ab52ba,126.80215,37.570936,,,데이빈,,,데이빈
�ㅼ궗38ab52ba,126.80215,37.570936,,,체크,,,체크
�ㅼ궗38ab51bb,126.802213,37.564176,,,,,,
�ㅼ궗38ab52aa,126.802192,37.566429,,,,,,
�ㅼ궗38ab53ab,126.802087,37.577695,,,윤뜰,264.0,,윤뜰
�ㅼ궗38ab53ba,126.802066,37.579949,,,,204.0,,
�ㅼ궗38ab52bb,126.802129,37.573189,,,,,,
�ㅼ궗38ab53aa,126.802108,37.575442,,,고양이정원,103.0,,고양이정원
�ㅼ궗38ba51ab,126.805086,37.559686,,,일리카페,,,일리카페
�ㅼ궗38ba51ba,126.805065,37.561939,,,,,,
�ㅼ궗38ba50bb,126.805127,37.55518,,,,,,
�ㅼ궗38ba51aa,126.805107,37.557433,,,,,,
�ㅼ궗38ba52ab,126.805002,37.568699,,,,570.0,,
�ㅼ궗38ba52ba,126.804981,37.570952,,,,1160.0,,
�ㅼ궗38ba51bb,126.805044,37.564193,,,,,,
�ㅼ궗38ba52aa,126.805023,37.566446,,,,205.0,,
�ㅼ궗38ab56ab,126.801834,37.604734,,,,,,
�ㅼ궗38ba49ba,126.805232,37.543914,,,,,,
�ㅼ궗38ab55bb,126.801877,37.600228,,,,,,
�ㅼ궗38ab56aa,126.801856,37.602481,,,,,,
�ㅼ궗38ba50ab,126.805169,37.550673,,,,,,
�ㅼ궗38ba50ba,126.805148,37.552927,,,,,,
�ㅼ궗38ba49bb,126.805211,37.546167,,,,,,
�ㅼ궗38ba50aa,126.80519,37.54842,,,,,,
�ㅼ궗38ba55ba,126.80473,37.597991,,,,,,
�ㅼ궗38ba55bb,126.804709,37.600244,,,,,,
�ㅼ궗38ba55aa,126.804771,37.593485,,,,,,
�ㅼ궗38ba55ab,126.80475,37.595738,,,,,,
�ㅼ궗38bb49ab,126.808083,37.541677,,,,,,
�ㅼ궗38bb49ba,126.808062,37.54393,,,,,,
�ㅼ궗38ba56aa,126.804688,37.602497,,,,,,
�ㅼ궗38ba56ab,126.804667,37.604751,,,,,,
�ㅼ궗38ba53ba,126.804897,37.579965,,,,,,
�ㅼ궗38ba53bb,126.804876,37.582219,,,,0.0,,
�ㅼ궗38ba53aa,126.804939,37.575459,,,,,,
�ㅼ궗38ba53ab,126.804918,37.577712,,,,,,
�ㅼ궗38ba54bb,126.804792,37.591231,,,,,,
�ㅼ궗38ba54aa,126.804855,37.584472,,,,,,
�ㅼ궗38ba54ab,126.804834,37.586725,,,,,,
�ㅼ궗39aa51ba,126.810726,37.561973,송정,,이디야커피,427.0,,이디야커피
�ㅼ궗38ba52bb,126.80496,37.573206,개화산,,매머드익스프레스,672.0,,매머드익스프레스
�ㅼ궗41ba51aa,126.839071,37.557628,발산,,통툰만화까페,1311.0,,통툰만화까페
�ㅼ궗41ba51aa,126.839071,37.557628,발산,,할리스커피,1311.0,,할리스커피
�ㅼ궗41ba51aa,126.839071,37.557628,발산,,티블랙,1311.0,,티블랙
�ㅼ궗41ba51aa,126.839071,37.557628,발산,,카페드아야,1311.0,,카페드아야
�ㅼ궗41ba51aa,126.839071,37.557628,발산,,브루클린커피,1311.0,,브루클린커피
�ㅼ궗41ba51aa,126.839071,37.557628,발산,,이디야커피,1311.0,,이디야커피
�ㅼ궗41ba51aa,126.839071,37.557628,발산,,서양콩차,1311.0,,서양콩차
�ㅼ궗41ba51aa,126.839071,37.557628,발산,,RUNCIBLECAFE,1311.0,,RUNCIBLECAFE
�ㅼ궗41ba51aa,126.839071,37.557628,발산,,백억커피,1311.0,,백억커피
�ㅼ궗41ba51aa,126.839071,37.557628,발산,,컴포즈커피,1311.0,,컴포즈커피
�ㅼ궗40ab51ab,126.824899,37.559801,마곡,,더벤티,,더벤티,
�ㅼ궗40ab51ab,126.824899,37.559801,마곡,,커피에반하다,,,커피에반하다
�ㅼ궗40ab51ab,126.824899,37.559801,마곡,,만랩커피마곡역점,,,만랩커피마곡역점
�ㅼ궗40ab51ab,126.824899,37.559801,마곡,,매머드익스프레스류마,,,매머드익스프레스류마
�ㅼ궗40ab51ab,126.824899,37.559801,마곡,,쿠즈베리얼반,,,쿠즈베리얼반
�ㅼ궗40ab51ab,126.824899,37.559801,마곡,,쏘나이스커피,,,쏘나이스커피
�ㅼ궗40ab51ab,126.824899,37.559801,마곡,,오뉴월,,,오뉴월
�ㅼ궗40ab51ab,126.824899,37.559801,마곡,,카페,,,카페
�ㅼ궗40ab51ab,126.824899,37.559801,마곡,,구스비어,,,구스비어
�ㅼ궗40ab51ab,126.824899,37.559801,마곡,,마왕커피홈앤쇼핑,,,마왕커피홈앤쇼핑
�ㅼ궗40ab51ab,126.824899,37.559801,마곡,,담다,,,담다
�ㅼ궗40ab51ab,126.824899,37.559801,마곡,,좋은카페,,,좋은카페
�ㅼ궗40ab51ab,126.824899,37.559801,마곡,,빽다방,,,빽다방
�ㅼ궗40ab51ab,126.824899,37.559801,마곡,,일공팔커피,,,일공팔커피
�ㅼ궗40ab51ab,126.824899,37.559801,마곡,,카페게이트,,,카페게이트
�ㅼ궗40ab51ab,126.824899,37.559801,마곡,,공차,,,공차
�ㅼ궗40ab51ab,126.824899,37.559801,마곡,,알쥐비COFFEE,,,알쥐비COFFEE
�ㅼ궗40ab51ab,126.824899,37.559801,마곡,,네이비무드,,,네이비무드
�ㅼ궗35aa50bb,126.765504,37.55494,,,,,,
�ㅼ궗35aa51aa,126.765482,37.557193,,,,,,
