gid,landprice_lbl,landprice_val,경도,위도
占썬끉沅?5aa50ba,,,126.765526,37.552687
占썬끉沅?5aa50bb,106472.51,106472.5099999990000000000000000000000,126.765504,37.554940
占썬끉沅?5aa51aa,80967.96,80967.9600000000000000000000000000000,126.765482,37.557193
占썬끉沅?5ab50ab,58400.64,58400.6399999998000000000000000000000,126.768379,37.550451
占썬끉沅?5ab50ba,210041.58,210041.5799999990000000000000000000000,126.768356,37.552704
占썬끉沅?5ab50bb,383737.13,383737.1300000000000000000000000000000,126.768334,37.554958
占썬끉沅?5ab51aa,326212.56,326212.5599999990000000000000000000000,126.768312,37.557211
占썬끉沅?5ba50aa,81711.05,81711.0500000000000000000000000000000,126.771230,37.548215
占썬끉沅?5ba50ab,150130.02,150130.0199999990000000000000000000000,126.771209,37.550469
占썬끉沅?5ba50ba,165646.33,165646.3299999990000000000000000000000,126.771187,37.552722
占썬끉沅?5ba50bb,175451.72,175451.7200000000000000000000000000000,126.771165,37.554975
占썬끉沅?5ba51aa,175140.36,175140.3599999990000000000000000000000,126.771143,37.557228
占썬끉沅?5ba51ab,169713.03,169713.0299999990000000000000000000000,126.771121,37.559481
占썬끉沅?5bb50aa,,,126.774060,37.548233
占썬끉沅?5bb50ab,141790.89,141790.8900000000000000000000000000000,126.774039,37.550486
占썬끉沅?5bb50ba,161650.52,161650.5199999990000000000000000000000,126.774017,37.552739
占썬끉沅?5bb50bb,155955.01,155955.0100000000000000000000000000000,126.773995,37.554992
占썬끉沅?5bb51aa,166776.76,166776.7600000000000000000000000000000,126.773973,37.557246
占썬끉沅?5bb51ab,164053.94,164053.9400000000000000000000000000000,126.773951,37.559499
占썬끉沅?5bb51ba,178550.75,178550.7500000000000000000000000000000,126.773929,37.561752
占썬끉沅?5bb52aa,55693.74,55693.7399999999000000000000000000000,126.773886,37.566259
占썬끉沅?5bb52ab,,,126.773864,37.568512
占썬끉沅?6aa49bb,161499.98,161499.9800000000000000000000000000000,126.776912,37.545997
占썬끉沅?6aa50aa,145755.63,145755.6300000000000000000000000000000,126.776890,37.548250
占썬끉沅?6aa50ab,154197.58,154197.5799999990000000000000000000000,126.776869,37.550503
占썬끉沅?6aa50ba,161350.03,161350.0299999990000000000000000000000,126.776847,37.552757
占썬끉沅?6aa50bb,156837.58,156837.5799999990000000000000000000000,126.776825,37.555010
占썬끉沅?6aa51aa,167656.07,167656.0700000000000000000000000000000,126.776803,37.557263
占썬끉沅?6aa51ab,158624.57,158624.5700000000000000000000000000000,126.776782,37.559516
占썬끉沅?6aa51ba,226014.74,226014.7399999990000000000000000000000,126.776760,37.561769
占썬끉沅?6aa51bb,284742.82,284742.8200000000000000000000000000000,126.776738,37.564023
占썬끉沅?6aa52aa,66815.56,66815.5599999999000000000000000000000,126.776716,37.566276
占썬끉沅?6aa52ab,,,126.776694,37.568529
占썬끉沅?6ab49bb,159460.76,159460.7600000000000000000000000000000,126.779742,37.546014
占썬끉沅?6ab50aa,156545.23,156545.2300000000000000000000000000000,126.779720,37.548267
占썬끉沅?6ab50ab,143710.32,143710.3200000000000000000000000000000,126.779699,37.550521
占썬끉沅?6ab50ba,153014.26,153014.2600000000000000000000000000000,126.779677,37.552774
占썬끉沅?6ab50bb,161691.79,161691.7900000000000000000000000000000,126.779655,37.555027
占썬끉沅?6ab51aa,211818.84,211818.8399999990000000000000000000000,126.779634,37.557280
占썬끉沅?6ab51ab,219833.14,219833.1400000000000000000000000000000,126.779612,37.559534
占썬끉沅?6ab51ba,420954.45,420954.4500000000000000000000000000000,126.779590,37.561787
占썬끉沅?6ab51bb,208179.89,208179.8900000000000000000000000000000,126.779569,37.564040
占썬끉沅?6ab52aa,,,126.779547,37.566293
占썬끉沅?6ab52ab,,,126.779525,37.568546
占썬끉沅?6ab52ba,,,126.779503,37.570800
占썬끉沅?6ba49bb,160344.68,160344.6799999990000000000000000000000,126.782572,37.546032
占썬끉沅?6ba50aa,153192.59,153192.5899999990000000000000000000000,126.782550,37.548285
占썬끉沅?6ba50ab,145302.83,145302.8299999990000000000000000000000,126.782529,37.550538
占썬끉沅?6ba50ba,193130.36,193130.3599999990000000000000000000000,126.782507,37.552791
占썬끉沅?6ba50bb,198999.99,198999.9899999990000000000000000000000,126.782486,37.555044
占썬끉沅?6ba51aa,199874.62,199874.6199999990000000000000000000000,126.782464,37.557298
占썬끉沅?6ba51ab,624347.15,624347.1500000000000000000000000000000,126.782442,37.559551
占썬끉沅?6ba51ba,470112.05,470112.0499999990000000000000000000000,126.782421,37.561804
占썬끉沅?6ba51bb,,,126.782399,37.564057
占썬끉沅?6ba52aa,390499.96,390499.9600000000000000000000000000000,126.782378,37.566310
占썬끉沅?6ba52ab,390483.64,390483.6400000000000000000000000000000,126.782356,37.568564
占썬끉沅?6ba52ba,144693.26,144693.2600000000000000000000000000000,126.782334,37.570817
占썬끉沅?6ba52bb,153820.39,153820.3900000000000000000000000000000,126.782313,37.573070
占썬끉沅?6bb49bb,127325.97,127325.9700000000000000000000000000000,126.785402,37.546049
占썬끉沅?6bb50aa,232347.76,232347.7600000000000000000000000000000,126.785380,37.548302
占썬끉沅?6bb50ab,202708.11,202708.1099999990000000000000000000000,126.785359,37.550555
占썬끉沅?6bb50ba,515386.64,515386.6400000000000000000000000000000,126.785337,37.552808
占썬끉沅?6bb50bb,258468.58,258468.5799999990000000000000000000000,126.785316,37.555062
占썬끉沅?6bb51aa,732304.75,732304.7500000000000000000000000000000,126.785294,37.557315
占썬끉沅?6bb51ab,,,126.785273,37.559568
占썬끉沅?6bb51ba,390513.67,390513.6699999990000000000000000000000,126.785251,37.561821
占썬끉沅?6bb51bb,,,126.785230,37.564074
占썬끉沅?6bb52aa,390498.75,390498.7500000000000000000000000000000,126.785208,37.566328
占썬끉沅?6bb52ab,150303.76,150303.7600000000000000000000000000000,126.785187,37.568581
占썬끉沅?6bb52ba,167624.41,167624.4100000000000000000000000000000,126.785165,37.570834
占썬끉沅?6bb52bb,166098.33,166098.3299999990000000000000000000000,126.785144,37.573087
占썬끉沅?6bb53aa,178879.87,178879.8699999990000000000000000000000,126.785122,37.575340
占썬끉沅?7aa49ba,190500.27,190500.2699999990000000000000000000000,126.788253,37.543813
占썬끉沅?7aa49bb,164605.26,164605.2600000000000000000000000000000,126.788232,37.546066
占썬끉沅?7aa50aa,196539.26,196539.2600000000000000000000000000000,126.788210,37.548319
占썬끉沅?7aa50ab,199000.00,199000.0000000000000000000000000000000,126.788189,37.550572
占썬끉沅?7aa50ba,199000.03,199000.0299999990000000000000000000000,126.788167,37.552825
占썬끉沅?7aa50bb,385779.14,385779.1400000000000000000000000000000,126.788146,37.555079
占썬끉沅?7aa51aa,,,126.788125,37.557332
占썬끉沅?7aa51ab,390371.01,390371.0100000000000000000000000000000,126.788103,37.559585
占썬끉沅?7aa51ba,390506.36,390506.3599999990000000000000000000000,126.788082,37.561838
占썬끉沅?7aa51bb,390500.00,390500.0000000000000000000000000000000,126.788060,37.564092
占썬끉沅?7aa52aa,193773.95,193773.9500000000000000000000000000000,126.788039,37.566345
占썬끉沅?7aa52ab,185771.31,185771.3099999990000000000000000000000,126.788017,37.568598
占썬끉沅?7aa52ba,177258.31,177258.3099999990000000000000000000000,126.787996,37.570851
占썬끉沅?7aa52bb,172059.11,172059.1099999990000000000000000000000,126.787974,37.573104
占썬끉沅?7aa53aa,203545.85,203545.8500000000000000000000000000000,126.787953,37.575358
占썬끉沅?7aa53ab,127499.97,127499.9700000000000000000000000000000,126.787932,37.577611
占썬끉沅?7ab49ab,236119.63,236119.6300000000000000000000000000000,126.791104,37.541576
占썬끉沅?7ab49ba,188199.17,188199.1700000000000000000000000000000,126.791083,37.543830
占썬끉沅?7ab49bb,578034.92,578034.9200000000000000000000000000000,126.791062,37.546083
占썬끉沅?7ab50aa,199000.01,199000.0100000000000000000000000000000,126.791040,37.548336
占썬끉沅?7ab50ab,198999.98,198999.9800000000000000000000000000000,126.791019,37.550589
占썬끉沅?7ab50ba,199000.15,199000.1499999990000000000000000000000,126.790998,37.552842
占썬끉沅?7ab50bb,,,126.790976,37.555096
占썬끉沅?7ab51aa,,,126.790955,37.557349
占썬끉沅?7ab51ab,,,126.790934,37.559602
占썬끉沅?7ab51ba,,,126.790912,37.561855
占썬끉沅?7ab51bb,,,126.790891,37.564109
占썬끉沅?7ab52aa,170651.99,170651.9899999990000000000000000000000,126.790869,37.566362
占썬끉沅?7ab52ab,177919.01,177919.0100000000000000000000000000000,126.790848,37.568615
占썬끉沅?7ab52ba,179171.05,179171.0499999990000000000000000000000,126.790827,37.570868
占썬끉沅?7ab52bb,198458.42,198458.4200000000000000000000000000000,126.790805,37.573121
占썬끉沅?7ab53aa,219815.69,219815.6900000000000000000000000000000,126.790784,37.575375
占썬끉沅?7ab53ab,127732.19,127732.1900000000000000000000000000000,126.790763,37.577628
占썬끉沅?7ab53ba,129108.45,129108.4499999990000000000000000000000,126.790741,37.579881
占썬끉沅?7ab53bb,248199.11,248199.1099999990000000000000000000000,126.790720,37.582134
占썬끉沅?7ba48ba,60298.21,60298.2099999999000000000000000000000,126.793998,37.534834
占썬끉沅?7ba48bb,180991.63,180991.6300000000000000000000000000000,126.793977,37.537087
占썬끉沅?7ba49aa,188468.49,188468.4899999990000000000000000000000,126.793955,37.539340
占썬끉沅?7ba49ab,216769.56,216769.5599999990000000000000000000000,126.793934,37.541593
占썬끉沅?7ba49ba,191385.10,191385.1000000000000000000000000000000,126.793913,37.543847
占썬끉沅?7ba49bb,198421.50,198421.5000000000000000000000000000000,126.793892,37.546100
占썬끉沅?7ba50aa,406148.99,406148.9899999990000000000000000000000,126.793870,37.548353
占썬끉沅?7ba50ab,321191.29,321191.2899999990000000000000000000000,126.793849,37.550606
占썬끉沅?7ba50ba,,,126.793828,37.552859
占썬끉沅?7ba50bb,390500.00,390500.0000000000000000000000000000000,126.793806,37.555113
占썬끉沅?7ba51aa,,,126.793785,37.557366
占썬끉沅?7ba51ab,,,126.793764,37.559619
占썬끉沅?7ba51ba,390501.85,390501.8499999990000000000000000000000,126.793743,37.561872
占썬끉沅?7ba51bb,390519.54,390519.5399999990000000000000000000000,126.793721,37.564126
占썬끉沅?7ba52aa,152668.78,152668.7799999990000000000000000000000,126.793700,37.566379
占썬끉沅?7ba52ab,170960.78,170960.7799999990000000000000000000000,126.793679,37.568632
占썬끉沅?7ba52ba,171360.26,171360.2600000000000000000000000000000,126.793658,37.570885
占썬끉沅?7ba52bb,218082.56,218082.5599999990000000000000000000000,126.793636,37.573138
占썬끉沅?7ba53aa,230649.70,230649.7000000000000000000000000000000,126.793615,37.575392
占썬끉沅?7ba53ab,166775.61,166775.6099999990000000000000000000000,126.793594,37.577645
占썬끉沅?7ba53ba,127129.23,127129.2299999990000000000000000000000,126.793572,37.579898
占썬끉沅?7ba53bb,251391.82,251391.8200000000000000000000000000000,126.793551,37.582151
占썬끉沅?7ba54aa,116417.79,116417.7899999990000000000000000000000,126.793530,37.584404
占썬끉沅?7bb48bb,244058.15,244058.1499999990000000000000000000000,126.796806,37.537104
占썬끉沅?7bb49aa,208160.34,208160.3399999990000000000000000000000,126.796785,37.539357
占썬끉沅?7bb49ab,503115.65,503115.6500000000000000000000000000000,126.796764,37.541610
占썬끉沅?7bb49ba,201436.25,201436.2500000000000000000000000000000,126.796743,37.543863
占썬끉沅?7bb49bb,623168.60,623168.5999999990000000000000000000000,126.796721,37.546117
占썬끉沅?7bb50aa,243904.88,243904.8800000000000000000000000000000,126.796700,37.548370
占썬끉沅?7bb50ab,390536.75,390536.7500000000000000000000000000000,126.796679,37.550623
占썬끉沅?7bb50ba,,,126.796658,37.552876
占썬끉沅?7bb50bb,,,126.796637,37.555130
占썬끉沅?7bb51aa,,,126.796616,37.557383
占썬끉沅?7bb51ab,,,126.796594,37.559636
占썬끉沅?7bb51ba,,,126.796573,37.561889
占썬끉沅?7bb51bb,,,126.796552,37.564142
占썬끉沅?7bb52aa,390497.34,390497.3400000000000000000000000000000,126.796531,37.566396
占썬끉沅?7bb52ab,162167.47,162167.4700000000000000000000000000000,126.796510,37.568649
占썬끉沅?7bb52ba,208863.10,208863.1000000000000000000000000000000,126.796488,37.570902
占썬끉沅?7bb52bb,242095.23,242095.2300000000000000000000000000000,126.796467,37.573155
占썬끉沅?7bb53aa,245300.48,245300.4800000000000000000000000000000,126.796446,37.575409
占썬끉沅?7bb53ab,217736.72,217736.7200000000000000000000000000000,126.796425,37.577662
占썬끉沅?7bb53ba,129817.07,129817.0700000000000000000000000000000,126.796404,37.579915
占썬끉沅?7bb53bb,212515.64,212515.6400000000000000000000000000000,126.796382,37.582168
占썬끉沅?7bb54aa,172291.57,172291.5700000000000000000000000000000,126.796361,37.584421
占썬끉沅?7bb54ab,161502.65,161502.6499999990000000000000000000000,126.796340,37.586675
占썬끉沅?7bb55ab,68499.93,68499.9299999999000000000000000000000,126.796255,37.595687
占썬끉沅?7bb55ba,68500.02,68500.0200000000000000000000000000000,126.796234,37.597941
占썬끉沅?7bb55bb,,,126.796213,37.600194
占썬끉沅?8aa48bb,195798.46,195798.4599999990000000000000000000000,126.799636,37.537121
占썬끉沅?8aa49aa,205924.63,205924.6300000000000000000000000000000,126.799615,37.539374
占썬끉沅?8aa49ab,621302.16,621302.1600000000000000000000000000000,126.799593,37.541627
占썬끉沅?8aa49ba,582598.28,582598.2800000000000000000000000000000,126.799572,37.543880
占썬끉沅?8aa49bb,397630.18,397630.1799999990000000000000000000000,126.799551,37.546133
占썬끉沅?8aa50aa,390499.40,390499.4000000000000000000000000000000,126.799530,37.548387
占썬끉沅?8aa50ab,390566.58,390566.5800000000000000000000000000000,126.799509,37.550640
占썬끉沅?8aa50ba,,,126.799488,37.552893
占썬끉沅?8aa50bb,,,126.799467,37.555146
占썬끉沅?8aa51aa,,,126.799446,37.557400
占썬끉沅?8aa51ab,,,126.799425,37.559653
占썬끉沅?8aa51ba,2185000.08,2185000.0800000000000000000000000000000,126.799404,37.561906
占썬끉沅?8aa51bb,998234.94,998234.9399999990000000000000000000000,126.799383,37.564159
占썬끉沅?8aa52aa,390500.19,390500.1900000000000000000000000000000,126.799361,37.566412
占썬끉沅?8aa52ab,390499.99,390499.9899999990000000000000000000000,126.799340,37.568666
占썬끉沅?8aa52ba,282135.42,282135.4199999990000000000000000000000,126.799319,37.570919
占썬끉沅?8aa52bb,242574.51,242574.5100000000000000000000000000000,126.799298,37.573172
占썬끉沅?8aa53aa,234703.75,234703.7500000000000000000000000000000,126.799277,37.575425
占썬끉沅?8aa53ab,310747.36,310747.3599999990000000000000000000000,126.799256,37.577679
占썬끉沅?8aa53ba,962368.75,962368.7500000000000000000000000000000,126.799235,37.579932
占썬끉沅?8aa53bb,647582.78,647582.7800000000000000000000000000000,126.799214,37.582185
占썬끉沅?8aa54aa,914773.71,914773.7099999990000000000000000000000,126.799193,37.584438
占썬끉沅?8aa54ab,302571.10,302571.0999999990000000000000000000000,126.799171,37.586691
占썬끉沅?8aa54ba,224867.27,224867.2699999990000000000000000000000,126.799150,37.588945
占썬끉沅?8aa54bb,68500.02,68500.0200000000000000000000000000000,126.799129,37.591198
占썬끉沅?8aa55aa,68500.00,68500.0000000000000000000000000000000,126.799108,37.593451
占썬끉沅?8aa55ab,68500.00,68500.0000000000000000000000000000000,126.799087,37.595704
占썬끉沅?8aa55ba,68499.99,68499.9900000000000000000000000000000,126.799066,37.597958
占썬끉沅?8aa55bb,68499.99,68499.9900000000000000000000000000000,126.799045,37.600211
占썬끉沅?8aa56aa,68499.96,68499.9600000000000000000000000000000,126.799023,37.602464
占썬끉沅?8ab49ab,198992.61,198992.6099999990000000000000000000000,126.802423,37.541644
占썬끉沅?8ab49ba,310824.11,310824.1100000000000000000000000000000,126.802402,37.543897
占썬끉沅?8ab49bb,392843.33,392843.3300000000000000000000000000000,126.802381,37.546150
占썬끉沅?8ab50aa,,,126.802360,37.548403
占썬끉沅?8ab50ab,,,126.802339,37.550657
占썬끉沅?8ab50ba,,,126.802318,37.552910
占썬끉沅?8ab50bb,390500.23,390500.2299999990000000000000000000000,126.802297,37.555163
占썬끉沅?8ab51aa,390604.48,390604.4799999990000000000000000000000,126.802276,37.557416
占썬끉沅?8ab51ab,390501.17,390501.1699999990000000000000000000000,126.802255,37.559670
占썬끉沅?8ab51ba,2185001.49,2185001.4900000000000000000000000000000,126.802234,37.561923
占썬끉沅?8ab51bb,2185000.00,2185000.0000000000000000000000000000000,126.802213,37.564176
占썬끉沅?8ab52aa,390500.47,390500.4699999990000000000000000000000,126.802192,37.566429
占썬끉沅?8ab52ab,474056.12,474056.1199999990000000000000000000000,126.802171,37.568682
占썬끉沅?8ab52ba,712365.63,712365.6300000000000000000000000000000,126.802150,37.570936
占썬끉沅?8ab52bb,365535.59,365535.5900000000000000000000000000000,126.802129,37.573189
占썬끉沅?8ab53aa,798383.06,798383.0600000000000000000000000000000,126.802108,37.575442
占썬끉沅?8ab53ab,1201313.06,1201313.0600000000000000000000000000000,126.802087,37.577695
占썬끉沅?8ab53ba,679988.61,679988.6099999990000000000000000000000,126.802066,37.579949
占썬끉沅?8ab53bb,98272.83,98272.8300000000000000000000000000000,126.802045,37.582202
占썬끉沅?8ab54aa,97051.38,97051.3800000000000000000000000000000,126.802024,37.584455
占썬끉沅?8ab54ab,751937.75,751937.7500000000000000000000000000000,126.802003,37.586708
占썬끉沅?8ab54ba,500967.40,500967.4000000000000000000000000000000,126.801982,37.588961
占썬끉沅?8ab54bb,73106.34,73106.3399999999000000000000000000000,126.801961,37.591215
占썬끉沅?8ab55aa,68500.01,68500.0099999999000000000000000000000,126.801940,37.593468
占썬끉沅?8ab55ab,68500.00,68500.0000000000000000000000000000000,126.801919,37.595721
占썬끉沅?8ab55ba,68500.00,68500.0000000000000000000000000000000,126.801898,37.597974
占썬끉沅?8ab55bb,68499.99,68499.9900000000000000000000000000000,126.801877,37.600228
占썬끉沅?8ab56aa,68499.99,68499.9900000000000000000000000000000,126.801856,37.602481
占썬끉沅?8ab56ab,,,126.801834,37.604734
占썬끉沅?8ba49ba,,,126.805232,37.543914
占썬끉沅?8ba49bb,,,126.805211,37.546167
占썬끉沅?8ba50aa,,,126.805190,37.548420
占썬끉沅?8ba50ab,390500.00,390500.0000000000000000000000000000000,126.805169,37.550673
占썬끉沅?8ba50ba,390545.09,390545.0900000000000000000000000000000,126.805148,37.552927
占썬끉沅?8ba50bb,,,126.805127,37.555180
占썬끉沅?8ba51aa,1569999.57,1569999.5700000000000000000000000000000,126.805107,37.557433
占썬끉沅?8ba51ab,,,126.805086,37.559686
占썬끉沅?8ba51ba,2185009.51,2185009.5099999900000000000000000000000,126.805065,37.561939
占썬끉沅?8ba51bb,1197046.16,1197046.1599999900000000000000000000000,126.805044,37.564193
占썬끉沅?8ba52aa,2750624.95,2750624.9500000000000000000000000000000,126.805023,37.566446
占썬끉沅?8ba52ab,1646554.76,1646554.7600000000000000000000000000000,126.805002,37.568699
占썬끉沅?8ba52ba,3076725.67,3076725.6699999900000000000000000000000,126.804981,37.570952
占썬끉沅?8ba52bb,1986618.97,1986618.9699999900000000000000000000000,126.804960,37.573206
占썬끉沅?8ba53aa,137175.02,137175.0199999990000000000000000000000,126.804939,37.575459
占썬끉沅?8ba53ab,110273.63,110273.6300000000000000000000000000000,126.804918,37.577712
占썬끉沅?8ba53ba,93639.17,93639.1699999999000000000000000000000,126.804897,37.579965
占썬끉沅?8ba53bb,188937.79,188937.7900000000000000000000000000000,126.804876,37.582219
占썬끉沅?8ba54aa,90259.72,90259.7200000000000000000000000000000,126.804855,37.584472
占썬끉沅?8ba54ab,98076.92,98076.9199999999000000000000000000000,126.804834,37.586725
占썬끉沅?8ba54ba,127144.67,127144.6699999990000000000000000000000,126.804813,37.588978
占썬끉沅?8ba54bb,70632.55,70632.5500000000000000000000000000000,126.804792,37.591231
占썬끉沅?8ba55aa,68500.00,68500.0000000000000000000000000000000,126.804771,37.593485
占썬끉沅?8ba55ab,68500.00,68500.0000000000000000000000000000000,126.804750,37.595738
占썬끉沅?8ba55ba,68499.99,68499.9900000000000000000000000000000,126.804730,37.597991
占썬끉沅?8ba55bb,68500.00,68500.0000000000000000000000000000000,126.804709,37.600244
占썬끉沅?8ba56aa,68500.00,68500.0000000000000000000000000000000,126.804688,37.602497
占썬끉沅?8ba56ab,,,126.804667,37.604751
占썬끉沅?8bb49ab,644197.75,644197.7500000000000000000000000000000,126.808083,37.541677
占썬끉沅?8bb49ba,510172.25,510172.2500000000000000000000000000000,126.808062,37.543930
占썬끉沅?8bb49bb,390490.53,390490.5300000000000000000000000000000,126.808041,37.546184
占썬끉沅?8bb50aa,,,126.808020,37.548437
占썬끉沅?8bb50ab,,,126.807999,37.550690
占썬끉沅?8bb50ba,,,126.807979,37.552943
占썬끉沅?8bb50bb,,,126.807958,37.555196
占썬끉沅?8bb51aa,1717979.80,1717979.8000000000000000000000000000000,126.807937,37.557450
占썬끉沅?8bb51ab,2716277.45,2716277.4500000000000000000000000000000,126.807916,37.559703
占썬끉沅?8bb51ba,4400965.34,4400965.3399999900000000000000000000000,126.807895,37.561956
占썬끉沅?8bb51bb,3435484.18,3435484.1800000000000000000000000000000,126.807874,37.564209
占썬끉沅?8bb52aa,3534517.30,3534517.2999999900000000000000000000000,126.807853,37.566463
占썬끉沅?8bb52ab,4029539.07,4029539.0699999900000000000000000000000,126.807833,37.568716
占썬끉沅?8bb52ba,3792642.64,3792642.6400000000000000000000000000000,126.807812,37.570969
占썬끉沅?8bb52bb,2877975.57,2877975.5699999900000000000000000000000,126.807791,37.573222
占썬끉沅?8bb53aa,1976480.12,1976480.1200000000000000000000000000000,126.807770,37.575475
占썬끉沅?8bb53ab,1080293.29,1080293.2900000000000000000000000000000,126.807749,37.577729
占썬끉沅?8bb53ba,112840.24,112840.2400000000000000000000000000000,126.807728,37.579982
占썬끉沅?8bb53bb,95018.72,95018.7200000000000000000000000000000,126.807707,37.582235
占썬끉沅?8bb54aa,104674.75,104674.7500000000000000000000000000000,126.807687,37.584488
占썬끉沅?8bb54ab,139749.25,139749.2500000000000000000000000000000,126.807666,37.586742
占썬끉沅?8bb54ba,147325.71,147325.7099999990000000000000000000000,126.807645,37.588995
占썬끉沅?8bb54bb,68499.99,68499.9900000000000000000000000000000,126.807624,37.591248
占썬끉沅?8bb55aa,68500.00,68500.0000000000000000000000000000000,126.807603,37.593501
占썬끉沅?8bb55ab,68500.01,68500.0099999999000000000000000000000,126.807582,37.595754
占썬끉沅?8bb55ba,68499.99,68499.9900000000000000000000000000000,126.807561,37.598008
占썬끉沅?8bb55bb,68500.00,68500.0000000000000000000000000000000,126.807540,37.600261
占썬끉沅?8bb56aa,,,126.807520,37.602514
占썬끉沅?9aa49ab,556809.96,556809.9599999990000000000000000000000,126.810912,37.541694
占썬끉沅?9aa49ba,427584.28,427584.2800000000000000000000000000000,126.810892,37.543947
占썬끉沅?9aa49bb,525421.41,525421.4100000000000000000000000000000,126.810871,37.546200
占썬끉沅?9aa50aa,1564497.47,1564497.4699999900000000000000000000000,126.810850,37.548453
占썬끉沅?9aa50ab,1570135.89,1570135.8899999900000000000000000000000,126.810829,37.550707
占썬끉沅?9aa50ba,1570000.01,1570000.0100000000000000000000000000000,126.810809,37.552960
占썬끉沅?9aa50bb,1460673.66,1460673.6599999900000000000000000000000,126.810788,37.555213
占썬끉沅?9aa51aa,2787268.62,2787268.6200000000000000000000000000000,126.810767,37.557466
占썬끉沅?9aa51ab,3348654.61,3348654.6099999900000000000000000000000,126.810746,37.559719
占썬끉沅?9aa51ba,4804780.64,4804780.6399999900000000000000000000000,126.810726,37.561973
占썬끉沅?9aa51bb,4573235.40,4573235.4000000000000000000000000000000,126.810705,37.564226
占썬끉沅?9aa52aa,3490577.87,3490577.8700000000000000000000000000000,126.810684,37.566479
占썬끉沅?9aa52ab,2799820.15,2799820.1499999900000000000000000000000,126.810663,37.568732
占썬끉沅?9aa52ba,3596112.03,3596112.0299999900000000000000000000000,126.810643,37.570986
占썬끉沅?9aa52bb,3848174.92,3848174.9199999900000000000000000000000,126.810622,37.573239
占썬끉沅?9aa53aa,3221279.85,3221279.8500000000000000000000000000000,126.810601,37.575492
占썬끉沅?9aa53ab,5117076.03,5117076.0300000000000000000000000000000,126.810580,37.577745
占썬끉沅?9aa53ba,2158716.65,2158716.6499999900000000000000000000000,126.810560,37.579998
占썬끉沅?9aa53bb,861160.73,861160.7299999990000000000000000000000,126.810539,37.582252
占썬끉沅?9aa54aa,390836.02,390836.0200000000000000000000000000000,126.810518,37.584505
占썬끉沅?9aa54ab,284790.59,284790.5900000000000000000000000000000,126.810497,37.586758
占썬끉沅?9aa54ba,90766.98,90766.9799999999000000000000000000000,126.810476,37.589011
占썬끉沅?9aa54bb,68500.00,68500.0000000000000000000000000000000,126.810456,37.591265
占썬끉沅?9aa55aa,68500.01,68500.0099999999000000000000000000000,126.810435,37.593518
占썬끉沅?9aa55ab,68500.01,68500.0099999999000000000000000000000,126.810414,37.595771
占썬끉沅?9aa55ba,68500.00,68500.0000000000000000000000000000000,126.810393,37.598024
占썬끉沅?9aa55bb,,,126.810372,37.600277
占썬끉沅?9ab49ab,576624.78,576624.7800000000000000000000000000000,126.813742,37.541710
占썬끉沅?9ab49ba,715537.48,715537.4799999990000000000000000000000,126.813722,37.543963
占썬끉沅?9ab49bb,1207451.54,1207451.5400000000000000000000000000000,126.813701,37.546217
占썬끉沅?9ab50aa,1546682.64,1546682.6399999900000000000000000000000,126.813680,37.548470
占썬끉沅?9ab50ab,1569988.77,1569988.7700000000000000000000000000000,126.813660,37.550723
占썬끉沅?9ab50ba,1035564.64,1035564.6400000000000000000000000000000,126.813639,37.552976
占썬끉沅?9ab50bb,2334794.38,2334794.3799999900000000000000000000000,126.813618,37.555229
占썬끉沅?9ab51aa,2748108.32,2748108.3199999900000000000000000000000,126.813598,37.557483
占썬끉沅?9ab51ab,3561988.47,3561988.4700000000000000000000000000000,126.813577,37.559736
占썬끉沅?9ab51ba,3832943.57,3832943.5699999900000000000000000000000,126.813556,37.561989
占썬끉沅?9ab51bb,3580933.10,3580933.1000000000000000000000000000000,126.813536,37.564242
占썬끉沅?9ab52aa,3759983.27,3759983.2700000000000000000000000000000,126.813515,37.566496
占썬끉沅?9ab52ab,3350544.41,3350544.4100000000000000000000000000000,126.813494,37.568749
占썬끉沅?9ab52ba,3923424.43,3923424.4300000000000000000000000000000,126.813473,37.571002
占썬끉沅?9ab52bb,3667794.47,3667794.4700000000000000000000000000000,126.813453,37.573255
占썬끉沅?9ab53aa,3605194.51,3605194.5099999900000000000000000000000,126.813432,37.575509
占썬끉沅?9ab53ab,4251839.33,4251839.3300000000000000000000000000000,126.813411,37.577762
占썬끉沅?9ab53ba,4603215.38,4603215.3799999900000000000000000000000,126.813391,37.580015
占썬끉沅?9ab53bb,709846.59,709846.5899999990000000000000000000000,126.813370,37.582268
占썬끉沅?9ab54aa,427411.49,427411.4899999990000000000000000000000,126.813349,37.584521
占썬끉沅?9ab54ab,206906.97,206906.9700000000000000000000000000000,126.813329,37.586775
占썬끉沅?9ab54ba,68500.00,68500.0000000000000000000000000000000,126.813308,37.589028
占썬끉沅?9ab54bb,68499.99,68499.9900000000000000000000000000000,126.813287,37.591281
占썬끉沅?9ab55aa,68500.00,68500.0000000000000000000000000000000,126.813267,37.593534
占썬끉沅?9ab55ab,68500.00,68500.0000000000000000000000000000000,126.813246,37.595788
占썬끉沅?9ab55ba,,,126.813225,37.598041
占썬끉沅?9ba49aa,,,126.816592,37.539473
占썬끉沅?9ba49ab,801498.94,801498.9399999990000000000000000000000,126.816572,37.541726
占썬끉沅?9ba49ba,1004030.97,1004030.9699999900000000000000000000000,126.816551,37.543980
占썬끉沅?9ba49bb,1925916.87,1925916.8700000000000000000000000000000,126.816531,37.546233
占썬끉沅?9ba50aa,1135097.42,1135097.4200000000000000000000000000000,126.816510,37.548486
占썬끉沅?9ba50ab,1340723.79,1340723.7900000000000000000000000000000,126.816490,37.550739
占썬끉沅?9ba50ba,2595357.47,2595357.4700000000000000000000000000000,126.816469,37.552993
占썬끉沅?9ba50bb,2028139.28,2028139.2800000000000000000000000000000,126.816448,37.555246
占썬끉沅?9ba51aa,2388075.41,2388075.4100000000000000000000000000000,126.816428,37.557499
占썬끉沅?9ba51ab,3595291.23,3595291.2299999900000000000000000000000,126.816407,37.559752
占썬끉沅?9ba51ba,3789027.66,3789027.6600000000000000000000000000000,126.816387,37.562006
占썬끉沅?9ba51bb,3539176.01,3539176.0099999900000000000000000000000,126.816366,37.564259
占썬끉沅?9ba52aa,2793198.52,2793198.5200000000000000000000000000000,126.816346,37.566512
占썬끉沅?9ba52ab,3328640.49,3328640.4900000000000000000000000000000,126.816325,37.568765
占썬끉沅?9ba52ba,3154352.77,3154352.7700000000000000000000000000000,126.816304,37.571019
占썬끉沅?9ba52bb,3653778.40,3653778.3999999900000000000000000000000,126.816284,37.573272
占썬끉沅?9ba53aa,3485392.76,3485392.7599999900000000000000000000000,126.816263,37.575525
占썬끉沅?9ba53ab,2209614.24,2209614.2400000000000000000000000000000,126.816243,37.577778
占썬끉沅?9ba53ba,956013.81,956013.8100000000000000000000000000000,126.816222,37.580031
占썬끉沅?9ba53bb,118092.63,118092.6300000000000000000000000000000,126.816201,37.582285
占썬끉沅?9ba54aa,285936.89,285936.8900000000000000000000000000000,126.816181,37.584538
占썬끉沅?9ba54ab,122723.74,122723.7400000000000000000000000000000,126.816160,37.586791
占썬끉沅?9ba54ba,93326.33,93326.3300000000000000000000000000000,126.816139,37.589044
占썬끉沅?9ba54bb,68500.00,68500.0000000000000000000000000000000,126.816119,37.591298
占썬끉沅?9ba55aa,68500.00,68500.0000000000000000000000000000000,126.816098,37.593551
占썬끉沅?9ba55ab,,,126.816078,37.595804
占썬끉沅?9ba55ba,,,126.816057,37.598057
占썬끉沅?9bb49ab,1923000.02,1923000.0200000000000000000000000000000,126.819402,37.541743
占썬끉沅?9bb49ba,1922999.84,1922999.8400000000000000000000000000000,126.819381,37.543996
占썬끉沅?9bb49bb,1799745.96,1799745.9599999900000000000000000000000,126.819361,37.546249
占썬끉沅?9bb50aa,1645090.90,1645090.8999999900000000000000000000000,126.819340,37.548503
占썬끉沅?9bb50ab,2653140.14,2653140.1400000000000000000000000000000,126.819320,37.550756
占썬끉沅?9bb50ba,3757753.80,3757753.7999999900000000000000000000000,126.819299,37.553009
占썬끉沅?9bb50bb,2373108.33,2373108.3300000000000000000000000000000,126.819279,37.555262
占썬끉沅?9bb51aa,3794619.30,3794619.2999999900000000000000000000000,126.819258,37.557515
占썬끉沅?9bb51ab,,,126.819238,37.559769
占썬끉沅?9bb51ba,4746988.50,4746988.5000000000000000000000000000000,126.819217,37.562022
占썬끉沅?9bb51bb,4746999.33,4746999.3300000000000000000000000000000,126.819197,37.564275
占썬끉沅?9bb52aa,,,126.819176,37.566528
占썬끉沅?9bb52ab,,,126.819156,37.568782
占썬끉沅?9bb52ba,2988993.02,2988993.0200000000000000000000000000000,126.819135,37.571035
占썬끉沅?9bb52bb,3085083.22,3085083.2200000000000000000000000000000,126.819115,37.573288
占썬끉沅?9bb53aa,4132129.43,4132129.4300000000000000000000000000000,126.819094,37.575541
占썬끉沅?9bb53ab,1207446.60,1207446.6000000000000000000000000000000,126.819074,37.577795
占썬끉沅?9bb53ba,751413.52,751413.5200000000000000000000000000000,126.819053,37.580048
占썬끉沅?9bb53bb,244333.18,244333.1799999990000000000000000000000,126.819033,37.582301
占썬끉沅?9bb54aa,159009.35,159009.3500000000000000000000000000000,126.819012,37.584554
占썬끉沅?9bb54ab,104500.00,104500.0000000000000000000000000000000,126.818992,37.586807
占썬끉沅?9bb54ba,104500.00,104500.0000000000000000000000000000000,126.818971,37.589061
占썬끉沅?9bb54bb,,,126.818950,37.591314
占썬끉沅?9bb55aa,82604.03,82604.0299999999000000000000000000000,126.818930,37.593567
占썬끉沅?9bb55ab,,,126.818909,37.595820
占썬끉沅?0aa49ab,1745558.76,1745558.7600000000000000000000000000000,126.822231,37.541759
占썬끉沅?0aa49ba,1576006.85,1576006.8500000000000000000000000000000,126.822211,37.544012
占썬끉沅?0aa49bb,1882073.71,1882073.7099999900000000000000000000000,126.822191,37.546266
占썬끉沅?0aa50aa,3124105.25,3124105.2500000000000000000000000000000,126.822170,37.548519
占썬끉沅?0aa50ab,3719472.89,3719472.8900000000000000000000000000000,126.822150,37.550772
占썬끉沅?0aa50ba,3748694.77,3748694.7700000000000000000000000000000,126.822129,37.553025
占썬끉沅?0aa50bb,3849998.78,3849998.7799999900000000000000000000000,126.822109,37.555279
占썬끉沅?0aa51aa,1800881.18,1800881.1799999900000000000000000000000,126.822089,37.557532
占썬끉沅?0aa51ab,,,126.822068,37.559785
占썬끉沅?0aa51ba,,,126.822048,37.562038
占썬끉沅?0aa51bb,,,126.822027,37.564291
占썬끉沅?0aa52aa,,,126.822007,37.566545
占썬끉沅?0aa52ab,4150817.49,4150817.4900000000000000000000000000000,126.821986,37.568798
占썬끉沅?0aa52ba,3709228.50,3709228.5000000000000000000000000000000,126.821966,37.571051
占썬끉沅?0aa52bb,1927427.39,1927427.3899999900000000000000000000000,126.821946,37.573304
占썬끉沅?0aa53aa,367900.07,367900.0700000000000000000000000000000,126.821925,37.575558
占썬끉沅?0aa53ab,367900.08,367900.0800000000000000000000000000000,126.821905,37.577811
占썬끉沅?0aa53ba,367899.99,367899.9899999990000000000000000000000,126.821884,37.580064
占썬끉沅?0aa53bb,481607.46,481607.4600000000000000000000000000000,126.821864,37.582317
占썬끉沅?0aa54aa,104500.00,104500.0000000000000000000000000000000,126.821843,37.584571
占썬끉沅?0aa54ab,104500.01,104500.0099999990000000000000000000000,126.821823,37.586824
占썬끉沅?0aa54ba,104500.47,104500.4700000000000000000000000000000,126.821803,37.589077
占썬끉沅?0aa54bb,104499.99,104499.9900000000000000000000000000000,126.821782,37.591330
占썬끉沅?0ab49ab,1325277.42,1325277.4199999900000000000000000000000,126.825061,37.541775
占썬끉沅?0ab49ba,1642000.02,1642000.0200000000000000000000000000000,126.825041,37.544029
占썬끉沅?0ab49bb,1814866.61,1814866.6100000000000000000000000000000,126.825021,37.546282
占썬끉沅?0ab50aa,3091195.07,3091195.0699999900000000000000000000000,126.825000,37.548535
占썬끉沅?0ab50ab,3310335.97,3310335.9700000000000000000000000000000,126.824980,37.550788
占썬끉沅?0ab50ba,3594147.87,3594147.8700000000000000000000000000000,126.824960,37.553042
占썬끉沅?0ab50bb,1699491.79,1699491.7900000000000000000000000000000,126.824939,37.555295
占썬끉沅?0ab51aa,,,126.824919,37.557548
占썬끉沅?0ab51ab,,,126.824899,37.559801
占썬끉沅?0ab51ba,,,126.824878,37.562054
占썬끉沅?0ab51bb,,,126.824858,37.564308
占썬끉沅?0ab52aa,3431836.72,3431836.7200000000000000000000000000000,126.824838,37.566561
占썬끉沅?0ab52ab,3981570.64,3981570.6400000000000000000000000000000,126.824817,37.568814
占썬끉沅?0ab52ba,3916662.99,3916662.9900000000000000000000000000000,126.824797,37.571067
占썬끉沅?0ab52bb,371364.07,371364.0700000000000000000000000000000,126.824777,37.573321
占썬끉沅?0ab53aa,367900.09,367900.0900000000000000000000000000000,126.824756,37.575574
占썬끉沅?0ab53ab,367900.00,367900.0000000000000000000000000000000,126.824736,37.577827
占썬끉沅?0ab53ba,368247.05,368247.0499999990000000000000000000000,126.824716,37.580080
占썬끉沅?0ab53bb,162875.12,162875.1199999990000000000000000000000,126.824695,37.582334
占썬끉沅?0ab54aa,104499.99,104499.9900000000000000000000000000000,126.824675,37.584587
占썬끉沅?0ab54ab,104500.00,104500.0000000000000000000000000000000,126.824654,37.586840
占썬끉沅?0ab54ba,104500.01,104500.0099999990000000000000000000000,126.824634,37.589093
占썬끉沅?0ab54bb,,,126.824614,37.591346
占썬끉沅?0ba49bb,,,126.827850,37.546298
占썬끉沅?0ba50aa,1187100.05,1187100.0500000000000000000000000000000,126.827830,37.548551
占썬끉沅?0ba50ab,4041432.49,4041432.4900000000000000000000000000000,126.827810,37.550804
占썬끉沅?0ba50ba,3044700.11,3044700.1099999900000000000000000000000,126.827790,37.553058
占썬끉沅?0ba50bb,4183248.98,4183248.9799999900000000000000000000000,126.827770,37.555311
占썬끉沅?0ba51aa,1661000.34,1661000.3400000000000000000000000000000,126.827749,37.557564
占썬끉沅?0ba51ab,1660997.83,1660997.8300000000000000000000000000000,126.827729,37.559817
占썬끉沅?0ba51ba,,,126.827709,37.562071
占썬끉沅?0ba51bb,,,126.827689,37.564324
占썬끉沅?0ba52aa,,,126.827668,37.566577
占썬끉沅?0ba52ab,,,126.827648,37.568830
占썬끉沅?0ba52ba,,,126.827628,37.571084
占썬끉沅?0ba52bb,367899.95,367899.9500000000000000000000000000000,126.827608,37.573337
占썬끉沅?0ba53aa,367899.98,367899.9799999990000000000000000000000,126.827587,37.575590
占썬끉沅?0ba53ab,367900.48,367900.4799999990000000000000000000000,126.827567,37.577843
占썬끉沅?0ba53ba,356029.51,356029.5100000000000000000000000000000,126.827547,37.580096
占썬끉沅?0ba53bb,107978.10,107978.1000000000000000000000000000000,126.827526,37.582350
占썬끉沅?0ba54aa,104499.99,104499.9900000000000000000000000000000,126.827506,37.584603
占썬끉沅?0ba54ab,,,126.827486,37.586856
占썬끉沅?0ba54ba,,,126.827466,37.589109
占썬끉沅?0bb49ab,1949998.92,1949998.9199999900000000000000000000000,126.830721,37.541808
占썬끉沅?0bb49ba,4570332.62,4570332.6200000000000000000000000000000,126.830701,37.544061
占썬끉沅?0bb49bb,,,126.830680,37.546314
占썬끉沅?0bb50aa,1000791.80,1000791.8000000000000000000000000000000,126.830660,37.548567
占썬끉沅?0bb50ab,2363938.42,2363938.4199999900000000000000000000000,126.830640,37.550820
占썬끉沅?0bb50ba,3177444.89,3177444.8900000000000000000000000000000,126.830620,37.553074
占썬끉沅?0bb50bb,4022190.56,4022190.5600000000000000000000000000000,126.830600,37.555327
占썬끉沅?0bb51aa,,,126.830580,37.557580
占썬끉沅?0bb51ab,,,126.830559,37.559833
占썬끉沅?0bb51ba,,,126.830539,37.562087
占썬끉沅?0bb51bb,,,126.830519,37.564340
占썬끉沅?0bb52aa,,,126.830499,37.566593
占썬끉沅?0bb52ab,,,126.830479,37.568846
占썬끉沅?0bb52ba,,,126.830459,37.571100
占썬끉沅?0bb52bb,424126.86,424126.8599999990000000000000000000000,126.830438,37.573353
占썬끉沅?0bb53aa,367900.01,367900.0100000000000000000000000000000,126.830418,37.575606
占썬끉沅?0bb53ab,367899.99,367899.9899999990000000000000000000000,126.830398,37.577859
占썬끉沅?0bb53ba,181338.74,181338.7399999990000000000000000000000,126.830378,37.580113
占썬끉沅?0bb53bb,104500.00,104500.0000000000000000000000000000000,126.830358,37.582366
占썬끉沅?0bb54aa,104500.00,104500.0000000000000000000000000000000,126.830338,37.584619
占썬끉沅?0bb54ab,104499.99,104499.9900000000000000000000000000000,126.830317,37.586872
占썬끉沅?1aa48ba,2216075.54,2216075.5400000000000000000000000000000,126.833611,37.535064
占썬끉沅?1aa48bb,4144988.70,4144988.7000000000000000000000000000000,126.833591,37.537317
占썬끉沅?1aa49aa,3307214.68,3307214.6800000000000000000000000000000,126.833570,37.539570
占썬끉沅?1aa49ab,3023850.99,3023850.9900000000000000000000000000000,126.833550,37.541824
占썬끉沅?1aa49ba,2888991.27,2888991.2700000000000000000000000000000,126.833530,37.544077
占썬끉沅?1aa49bb,3476519.79,3476519.7900000000000000000000000000000,126.833510,37.546330
占썬끉沅?1aa50aa,3448703.33,3448703.3300000000000000000000000000000,126.833490,37.548583
占썬끉沅?1aa50ab,3102129.22,3102129.2200000000000000000000000000000,126.833470,37.550837
占썬끉沅?1aa50ba,2537147.50,2537147.5000000000000000000000000000000,126.833450,37.553090
占썬끉沅?1aa50bb,1511806.66,1511806.6599999900000000000000000000000,126.833430,37.555343
占썬끉沅?1aa51aa,,,126.833410,37.557596
占썬끉沅?1aa51ab,,,126.833390,37.559849
占썬끉沅?1aa51ba,,,126.833370,37.562103
占썬끉沅?1aa51bb,,,126.833350,37.564356
占썬끉沅?1aa52aa,,,126.833330,37.566609
占썬끉沅?1aa52ab,,,126.833310,37.568862
占썬끉沅?1aa52ba,,,126.833290,37.571116
占썬끉沅?1aa52bb,,,126.833269,37.573369
占썬끉沅?1aa53aa,367900.03,367900.0299999990000000000000000000000,126.833249,37.575622
占썬끉沅?1aa53ab,243235.56,243235.5599999990000000000000000000000,126.833229,37.577875
占썬끉沅?1aa53ba,273143.00,273143.0000000000000000000000000000000,126.833209,37.580129
占썬끉沅?1aa53bb,104500.00,104500.0000000000000000000000000000000,126.833189,37.582382
占썬끉沅?1aa54aa,,,126.833169,37.584635
占썬끉沅?1aa54ab,,,126.833149,37.586888
占썬끉沅?1ab48aa,3348296.33,3348296.3300000000000000000000000000000,126.836480,37.530573
占썬끉沅?1ab48ab,4622622.37,4622622.3700000000000000000000000000000,126.836460,37.532826
占썬끉沅?1ab48ba,3796533.59,3796533.5899999900000000000000000000000,126.836440,37.535080
占썬끉沅?1ab48bb,3434911.96,3434911.9599999900000000000000000000000,126.836420,37.537333
占썬끉沅?1ab49aa,4072186.28,4072186.2799999900000000000000000000000,126.836400,37.539586
占썬끉沅?1ab49ab,3564043.25,3564043.2500000000000000000000000000000,126.836380,37.541839
占썬끉沅?1ab49ba,3861649.12,3861649.1200000000000000000000000000000,126.836360,37.544093
占썬끉沅?1ab49bb,4692671.35,4692671.3499999900000000000000000000000,126.836340,37.546346
占썬끉沅?1ab50aa,5156894.97,5156894.9699999900000000000000000000000,126.836320,37.548599
占썬끉沅?1ab50ab,4258266.30,4258266.2999999900000000000000000000000,126.836300,37.550852
占썬끉沅?1ab50ba,4518570.93,4518570.9299999900000000000000000000000,126.836280,37.553106
占썬끉沅?1ab50bb,4298436.31,4298436.3099999900000000000000000000000,126.836260,37.555359
占썬끉沅?1ab51aa,5741259.48,5741259.4800000000000000000000000000000,126.836240,37.557612
占썬끉沅?1ab51ab,,,126.836220,37.559865
占썬끉沅?1ab51ba,,,126.836200,37.562119
占썬끉沅?1ab51bb,,,126.836180,37.564372
占썬끉沅?1ab52aa,,,126.836160,37.566625
占썬끉沅?1ab52ab,,,126.836140,37.568878
占썬끉沅?1ab52ba,367904.28,367904.2800000000000000000000000000000,126.836120,37.571132
占썬끉沅?1ab52bb,3315291.38,3315291.3799999900000000000000000000000,126.836100,37.573385
占썬끉沅?1ab53aa,3049605.77,3049605.7700000000000000000000000000000,126.836080,37.575638
占썬끉沅?1ab53ab,131463.40,131463.3999999990000000000000000000000,126.836060,37.577891
占썬끉沅?1ab53ba,104500.00,104500.0000000000000000000000000000000,126.836040,37.580145
占썬끉沅?1ab53bb,,,126.836020,37.582398
占썬끉沅?1ab54aa,,,126.836000,37.584651
占썬끉沅?1ba47ba,4881716.81,4881716.8099999900000000000000000000000,126.839349,37.526083
占썬끉沅?1ba47bb,4782475.86,4782475.8600000000000000000000000000000,126.839329,37.528336
占썬끉沅?1ba48aa,3752634.58,3752634.5800000000000000000000000000000,126.839309,37.530589
占썬끉沅?1ba48ab,3857764.82,3857764.8199999900000000000000000000000,126.839289,37.532842
占썬끉沅?1ba48ba,3542062.69,3542062.6899999900000000000000000000000,126.839270,37.535096
占썬끉沅?1ba48bb,3358277.51,3358277.5099999900000000000000000000000,126.839250,37.537349
占썬끉沅?1ba49aa,3722108.15,3722108.1499999900000000000000000000000,126.839230,37.539602
占썬끉沅?1ba49ab,7047494.57,7047494.5700000000000000000000000000000,126.839210,37.541855
占썬끉沅?1ba49ba,4521993.54,4521993.5400000000000000000000000000000,126.839190,37.544109
占썬끉沅?1ba49bb,5870863.76,5870863.7599999900000000000000000000000,126.839170,37.546362
占썬끉沅?1ba50aa,5595196.01,5595196.0099999900000000000000000000000,126.839150,37.548615
占썬끉沅?1ba50ab,3212874.56,3212874.5600000000000000000000000000000,126.839130,37.550868
占썬끉沅?1ba50ba,3631348.22,3631348.2200000000000000000000000000000,126.839110,37.553122
占썬끉沅?1ba50bb,5517391.15,5517391.1500000000000000000000000000000,126.839091,37.555375
占썬끉沅?1ba51aa,5732632.46,5732632.4599999900000000000000000000000,126.839071,37.557628
占썬끉沅?1ba51ab,7454924.09,7454924.0899999900000000000000000000000,126.839051,37.559881
占썬끉沅?1ba51ba,6506035.64,6506035.6399999900000000000000000000000,126.839031,37.562135
占썬끉沅?1ba51bb,3212369.55,3212369.5499999900000000000000000000000,126.839011,37.564388
占썬끉沅?1ba52aa,,,126.838991,37.566641
占썬끉沅?1ba52ab,3043099.96,3043099.9599999900000000000000000000000,126.838971,37.568894
占썬끉沅?1ba52ba,4264472.98,4264472.9800000000000000000000000000000,126.838951,37.571148
占썬끉沅?1ba52bb,1081004.85,1081004.8500000000000000000000000000000,126.838931,37.573401
占썬끉沅?1ba53aa,2962184.16,2962184.1600000000000000000000000000000,126.838911,37.575654
占썬끉沅?1ba53ab,115531.91,115531.9100000000000000000000000000000,126.838891,37.577907
占썬끉沅?1ba53ba,104500.00,104500.0000000000000000000000000000000,126.838872,37.580160
占썬끉沅?1ba53bb,,,126.838852,37.582414
占썬끉沅?1bb47ba,3864746.10,3864746.1000000000000000000000000000000,126.842178,37.526098
占썬끉沅?1bb47bb,4010578.17,4010578.1699999900000000000000000000000,126.842158,37.528352
占썬끉沅?1bb48aa,3768122.86,3768122.8599999900000000000000000000000,126.842139,37.530605
占썬끉沅?1bb48ab,3412745.72,3412745.7200000000000000000000000000000,126.842119,37.532858
占썬끉沅?1bb48ba,3209930.62,3209930.6200000000000000000000000000000,126.842099,37.535111
占썬끉沅?1bb48bb,2896089.38,2896089.3799999900000000000000000000000,126.842079,37.537365
占썬끉沅?1bb49aa,3649335.01,3649335.0099999900000000000000000000000,126.842060,37.539618
占썬끉沅?1bb49ab,5221656.28,5221656.2800000000000000000000000000000,126.842040,37.541871
占썬끉沅?1bb49ba,3818976.41,3818976.4100000000000000000000000000000,126.842020,37.544124
占썬끉沅?1bb49bb,3162565.75,3162565.7500000000000000000000000000000,126.842000,37.546378
占썬끉沅?1bb50aa,2634346.29,2634346.2900000000000000000000000000000,126.841980,37.548631
占썬끉沅?1bb50ab,143402.06,143402.0599999990000000000000000000000,126.841960,37.550884
占썬끉沅?1bb50ba,2041639.18,2041639.1799999900000000000000000000000,126.841941,37.553137
占썬끉沅?1bb50bb,3583522.22,3583522.2200000000000000000000000000000,126.841921,37.555391
占썬끉沅?1bb51aa,5740753.74,5740753.7400000000000000000000000000000,126.841901,37.557644
占썬끉沅?1bb51ab,4638476.13,4638476.1299999900000000000000000000000,126.841881,37.559897
占썬끉沅?1bb51ba,5926531.80,5926531.7999999900000000000000000000000,126.841861,37.562150
占썬끉沅?1bb51bb,5858025.20,5858025.2000000000000000000000000000000,126.841842,37.564404
占썬끉沅?1bb52aa,6663199.40,6663199.4000000000000000000000000000000,126.841822,37.566657
占썬끉沅?1bb52ab,4784246.10,4784246.0999999900000000000000000000000,126.841802,37.568910
占썬끉沅?1bb52ba,4663404.53,4663404.5300000000000000000000000000000,126.841782,37.571163
占썬끉沅?1bb52bb,1043460.19,1043460.1899999900000000000000000000000,126.841762,37.573417
占썬끉沅?1bb53aa,155508.80,155508.7999999990000000000000000000000,126.841742,37.575670
占썬끉沅?1bb53ab,85700.01,85700.0099999999000000000000000000000,126.841723,37.577923
占썬끉沅?1bb53ba,,,126.841703,37.580176
占썬끉沅?2aa47ba,1525064.95,1525064.9499999900000000000000000000000,126.845007,37.526114
占썬끉沅?2aa47bb,4352079.74,4352079.7400000000000000000000000000000,126.844988,37.528367
占썬끉沅?2aa48aa,4209800.84,4209800.8399999900000000000000000000000,126.844968,37.530621
占썬끉沅?2aa48ab,3793111.46,3793111.4599999900000000000000000000000,126.844948,37.532874
占썬끉沅?2aa48ba,3248949.25,3248949.2500000000000000000000000000000,126.844929,37.535127
占썬끉沅?2aa48bb,1636849.11,1636849.1100000000000000000000000000000,126.844909,37.537380
占썬끉沅?2aa49aa,2869949.39,2869949.3900000000000000000000000000000,126.844889,37.539634
占썬끉沅?2aa49ab,3377706.10,3377706.1000000000000000000000000000000,126.844869,37.541887
占썬끉沅?2aa49ba,3597450.11,3597450.1099999900000000000000000000000,126.844850,37.544140
占썬끉沅?2aa49bb,3906186.36,3906186.3599999900000000000000000000000,126.844830,37.546393
占썬끉沅?2aa50aa,2622854.39,2622854.3900000000000000000000000000000,126.844810,37.548647
占썬끉沅?2aa50ab,259004.99,259004.9899999990000000000000000000000,126.844791,37.550900
占썬끉沅?2aa50ba,3356081.88,3356081.8799999900000000000000000000000,126.844771,37.553153
占썬끉沅?2aa50bb,358510.60,358510.5999999990000000000000000000000,126.844751,37.555406
占썬끉沅?2aa51aa,5274749.34,5274749.3399999900000000000000000000000,126.844731,37.557660
占썬끉沅?2aa51ab,5767663.11,5767663.1100000000000000000000000000000,126.844712,37.559913
占썬끉沅?2aa51ba,5054066.22,5054066.2199999900000000000000000000000,126.844692,37.562166
占썬끉沅?2aa51bb,5738330.36,5738330.3600000000000000000000000000000,126.844672,37.564419
占썬끉沅?2aa52aa,5398462.93,5398462.9299999900000000000000000000000,126.844652,37.566673
占썬끉沅?2aa52ab,5795818.66,5795818.6600000000000000000000000000000,126.844633,37.568926
占썬끉沅?2aa52ba,6030915.42,6030915.4199999900000000000000000000000,126.844613,37.571179
占썬끉沅?2aa52bb,1716066.21,1716066.2099999900000000000000000000000,126.844593,37.573432
占썬끉沅?2aa53aa,,,126.844573,37.575686
占썬끉沅?2aa53ab,367900.02,367900.0200000000000000000000000000000,126.844554,37.577939
占썬끉沅?2ab47bb,4114454.73,4114454.7299999900000000000000000000000,126.847817,37.528383
占썬끉沅?2ab48aa,6003095.98,6003095.9800000000000000000000000000000,126.847797,37.530636
占썬끉沅?2ab48ab,4893157.24,4893157.2400000000000000000000000000000,126.847778,37.532890
占썬끉沅?2ab48ba,3415403.10,3415403.1000000000000000000000000000000,126.847758,37.535143
占썬끉沅?2ab48bb,2757470.74,2757470.7400000000000000000000000000000,126.847739,37.537396
占썬끉沅?2ab49aa,2537558.70,2537558.7000000000000000000000000000000,126.847719,37.539649
占썬끉沅?2ab49ab,2879856.64,2879856.6400000000000000000000000000000,126.847699,37.541903
占썬끉沅?2ab49ba,3318764.93,3318764.9300000000000000000000000000000,126.847680,37.544156
占썬끉沅?2ab49bb,4125541.16,4125541.1600000000000000000000000000000,126.847660,37.546409
占썬끉沅?2ab50aa,3680045.94,3680045.9399999900000000000000000000000,126.847640,37.548662
占썬끉沅?2ab50ab,4085378.14,4085378.1400000000000000000000000000000,126.847621,37.550916
占썬끉沅?2ab50ba,4121573.68,4121573.6800000000000000000000000000000,126.847601,37.553169
占썬끉沅?2ab50bb,4273404.27,4273404.2699999900000000000000000000000,126.847581,37.555422
占썬끉沅?2ab51aa,4982306.43,4982306.4299999900000000000000000000000,126.847562,37.557675
占썬끉沅?2ab51ab,5862501.88,5862501.8799999900000000000000000000000,126.847542,37.559929
占썬끉沅?2ab51ba,5450302.12,5450302.1200000000000000000000000000000,126.847522,37.562182
占썬끉沅?2ab51bb,6655436.87,6655436.8700000000000000000000000000000,126.847503,37.564435
占썬끉沅?2ab52aa,4848455.49,4848455.4900000000000000000000000000000,126.847483,37.566688
占썬끉沅?2ab52ab,4643379.59,4643379.5899999900000000000000000000000,126.847464,37.568942
占썬끉沅?2ab52ba,5957608.09,5957608.0899999900000000000000000000000,126.847444,37.571195
占썬끉沅?2ab52bb,367900.61,367900.6099999990000000000000000000000,126.847424,37.573448
占썬끉沅?2ab53aa,367899.99,367899.9899999990000000000000000000000,126.847405,37.575701
占썬끉沅?2ab53ab,,,126.847385,37.577954
占썬끉沅?2ba47bb,3474709.90,3474709.8999999900000000000000000000000,126.850646,37.528399
占썬끉沅?2ba48aa,3937103.92,3937103.9199999900000000000000000000000,126.850627,37.530652
占썬끉沅?2ba48ab,3028831.10,3028831.1000000000000000000000000000000,126.850607,37.532905
占썬끉沅?2ba48ba,2516424.69,2516424.6899999900000000000000000000000,126.850588,37.535158
占썬끉沅?2ba48bb,2059540.48,2059540.4799999900000000000000000000000,126.850568,37.537412
占썬끉沅?2ba49aa,2085731.99,2085731.9899999900000000000000000000000,126.850549,37.539665
占썬끉沅?2ba49ab,2006883.96,2006883.9599999900000000000000000000000,126.850529,37.541918
占썬끉沅?2ba49ba,1157448.77,1157448.7700000000000000000000000000000,126.850509,37.544171
占썬끉沅?2ba49bb,2637094.71,2637094.7099999900000000000000000000000,126.850490,37.546425
占썬끉沅?2ba50aa,3265079.86,3265079.8599999900000000000000000000000,126.850470,37.548678
占썬끉沅?2ba50ab,5035363.35,5035363.3499999900000000000000000000000,126.850451,37.550931
占썬끉沅?2ba50ba,5563754.20,5563754.2000000000000000000000000000000,126.850431,37.553184
占썬끉沅?2ba50bb,4709646.32,4709646.3200000000000000000000000000000,126.850412,37.555438
占썬끉沅?2ba51aa,3481845.88,3481845.8799999900000000000000000000000,126.850392,37.557691
占썬끉沅?2ba51ab,5231832.19,5231832.1900000000000000000000000000000,126.850373,37.559944
占썬끉沅?2ba51ba,5409479.24,5409479.2400000000000000000000000000000,126.850353,37.562197
占썬끉沅?2ba51bb,5638036.76,5638036.7599999900000000000000000000000,126.850333,37.564451
占썬끉沅?2ba52aa,5308656.12,5308656.1200000000000000000000000000000,126.850314,37.566704
占썬끉沅?2ba52ab,1028711.19,1028711.1899999900000000000000000000000,126.850294,37.568957
占썬끉沅?2ba52ba,367900.01,367900.0100000000000000000000000000000,126.850275,37.571210
占썬끉沅?2ba52bb,367899.99,367899.9899999990000000000000000000000,126.850255,37.573464
占썬끉沅?2ba53aa,,,126.850236,37.575717
占썬끉沅?2bb47bb,3305999.54,3305999.5400000000000000000000000000000,126.853476,37.528414
占썬끉沅?2bb48aa,3715584.82,3715584.8199999900000000000000000000000,126.853456,37.530667
占썬끉沅?2bb48ab,3022013.11,3022013.1099999900000000000000000000000,126.853437,37.532921
占썬끉沅?2bb48ba,2765185.48,2765185.4799999900000000000000000000000,126.853417,37.535174
占썬끉沅?2bb48bb,1181220.77,1181220.7700000000000000000000000000000,126.853398,37.537427
占썬끉沅?2bb49aa,308990.68,308990.6799999990000000000000000000000,126.853378,37.539680
占썬끉沅?2bb49ab,319087.26,319087.2600000000000000000000000000000,126.853359,37.541934
占썬끉沅?2bb49ba,117718.08,117718.0800000000000000000000000000000,126.853339,37.544187
占썬끉沅?2bb49bb,757928.53,757928.5300000000000000000000000000000,126.853320,37.546440
占썬끉沅?2bb50aa,2304127.40,2304127.3999999900000000000000000000000,126.853300,37.548693
占썬끉沅?2bb50ab,2500867.14,2500867.1400000000000000000000000000000,126.853281,37.550947
占썬끉沅?2bb50ba,4596800.91,4596800.9100000000000000000000000000000,126.853261,37.553200
占썬끉沅?2bb50bb,4677779.10,4677779.0999999900000000000000000000000,126.853242,37.555453
占썬끉沅?2bb51aa,4978595.86,4978595.8600000000000000000000000000000,126.853223,37.557706
占썬끉沅?2bb51ab,2157442.82,2157442.8199999900000000000000000000000,126.853203,37.559960
占썬끉沅?2bb51ba,6560175.50,6560175.5000000000000000000000000000000,126.853184,37.562213
占썬끉沅?2bb51bb,5541399.32,5541399.3200000000000000000000000000000,126.853164,37.564466
占썬끉沅?2bb52aa,4158861.77,4158861.7700000000000000000000000000000,126.853145,37.566719
占썬끉沅?2bb52ab,827587.66,827587.6600000000000000000000000000000,126.853125,37.568973
占썬끉沅?2bb52ba,367900.02,367900.0200000000000000000000000000000,126.853106,37.571226
占썬끉沅?2bb52bb,,,126.853086,37.573479
占썬끉沅?3aa47bb,3469636.26,3469636.2599999900000000000000000000000,126.856305,37.528430
占썬끉沅?3aa48aa,3517886.62,3517886.6200000000000000000000000000000,126.856285,37.530683
占썬끉沅?3aa48ab,3339436.20,3339436.2000000000000000000000000000000,126.856266,37.532936
占썬끉沅?3aa48ba,3123971.02,3123971.0200000000000000000000000000000,126.856247,37.535189
占썬끉沅?3aa48bb,2306978.80,2306978.7999999900000000000000000000000,126.856227,37.537443
占썬끉沅?3aa49aa,467394.81,467394.8099999990000000000000000000000,126.856208,37.539696
占썬끉沅?3aa49ab,127909.06,127909.0599999990000000000000000000000,126.856189,37.541949
占썬끉沅?3aa49ba,948885.42,948885.4200000000000000000000000000000,126.856169,37.544202
占썬끉沅?3aa49bb,219532.75,219532.7500000000000000000000000000000,126.856150,37.546456
占썬끉沅?3aa50aa,590404.77,590404.7700000000000000000000000000000,126.856130,37.548709
占썬끉沅?3aa50ab,1208730.21,1208730.2099999900000000000000000000000,126.856111,37.550962
占썬끉沅?3aa50ba,936405.97,936405.9699999990000000000000000000000,126.856092,37.553215
占썬끉沅?3aa50bb,4296910.98,4296910.9800000000000000000000000000000,126.856072,37.555469
占썬끉沅?3aa51aa,6014360.11,6014360.1100000000000000000000000000000,126.856053,37.557722
占썬끉沅?3aa51ab,6418346.21,6418346.2099999900000000000000000000000,126.856034,37.559975
占썬끉沅?3aa51ba,5440196.99,5440196.9900000000000000000000000000000,126.856014,37.562228
占썬끉沅?3aa51bb,5234014.30,5234014.2999999900000000000000000000000,126.855995,37.564482
占썬끉沅?3aa52aa,1426880.74,1426880.7399999900000000000000000000000,126.855975,37.566735
占썬끉沅?3aa52ab,367900.00,367900.0000000000000000000000000000000,126.855956,37.568988
占썬끉沅?3aa52ba,,,126.855937,37.571241
占썬끉沅?3ab47bb,3023284.81,3023284.8100000000000000000000000000000,126.859134,37.528445
占썬끉沅?3ab48aa,3652175.67,3652175.6699999900000000000000000000000,126.859115,37.530698
占썬끉沅?3ab48ab,3730132.38,3730132.3799999900000000000000000000000,126.859096,37.532951
占썬끉沅?3ab48ba,3134737.26,3134737.2599999900000000000000000000000,126.859076,37.535205
占썬끉沅?3ab48bb,2418614.17,2418614.1699999900000000000000000000000,126.859057,37.537458
占썬끉沅?3ab49aa,472095.06,472095.0599999990000000000000000000000,126.859038,37.539711
占썬끉沅?3ab49ab,131756.72,131756.7200000000000000000000000000000,126.859018,37.541965
占썬끉沅?3ab49ba,5572494.80,5572494.7999999900000000000000000000000,126.858999,37.544218
占썬끉沅?3ab49bb,3581786.17,3581786.1699999900000000000000000000000,126.858980,37.546471
占썬끉沅?3ab50aa,3305866.47,3305866.4700000000000000000000000000000,126.858960,37.548724
占썬끉沅?3ab50ab,2506675.26,2506675.2599999900000000000000000000000,126.858941,37.550978
占썬끉沅?3ab50ba,3054560.39,3054560.3900000000000000000000000000000,126.858922,37.553231
占썬끉沅?3ab50bb,4858487.23,4858487.2300000000000000000000000000000,126.858903,37.555484
占썬끉沅?3ab51aa,5823022.99,5823022.9900000000000000000000000000000,126.858883,37.557737
占썬끉沅?3ab51ab,6388345.80,6388345.7999999900000000000000000000000,126.858864,37.559991
占썬끉沅?3ab51ba,5539776.01,5539776.0099999900000000000000000000000,126.858845,37.562244
占썬끉沅?3ab51bb,1448570.22,1448570.2199999900000000000000000000000,126.858825,37.564497
占썬끉沅?3ab52aa,367899.92,367899.9199999990000000000000000000000,126.858806,37.566750
占썬끉沅?3ab52ab,,,126.858787,37.569004
占썬끉沅?3ba47bb,1860998.58,1860998.5800000000000000000000000000000,126.861963,37.528460
占썬끉沅?3ba48aa,3378491.37,3378491.3700000000000000000000000000000,126.861944,37.530714
占썬끉沅?3ba48ab,4593421.15,4593421.1500000000000000000000000000000,126.861925,37.532967
占썬끉沅?3ba48ba,3517014.29,3517014.2900000000000000000000000000000,126.861906,37.535220
占썬끉沅?3ba48bb,2806166.29,2806166.2900000000000000000000000000000,126.861887,37.537473
占썬끉沅?3ba49aa,777259.28,777259.2800000000000000000000000000000,126.861867,37.539727
占썬끉沅?3ba49ab,2773316.18,2773316.1800000000000000000000000000000,126.861848,37.541980
占썬끉沅?3ba49ba,3918651.19,3918651.1899999900000000000000000000000,126.861829,37.544233
占썬끉沅?3ba49bb,4109114.82,4109114.8199999900000000000000000000000,126.861810,37.546486
占썬끉沅?3ba50aa,4049281.36,4049281.3599999900000000000000000000000,126.861791,37.548740
占썬끉沅?3ba50ab,4559967.78,4559967.7800000000000000000000000000000,126.861771,37.550993
占썬끉沅?3ba50ba,4697837.84,4697837.8399999900000000000000000000000,126.861752,37.553246
占썬끉沅?3ba50bb,4818620.68,4818620.6799999900000000000000000000000,126.861733,37.555499
占썬끉沅?3ba51aa,7529227.18,7529227.1799999900000000000000000000000,126.861714,37.557753
占썬끉沅?3ba51ab,5014123.77,5014123.7699999900000000000000000000000,126.861694,37.560006
占썬끉沅?3ba51ba,4881738.38,4881738.3799999900000000000000000000000,126.861675,37.562259
占썬끉沅?3ba51bb,367900.02,367900.0200000000000000000000000000000,126.861656,37.564512
占썬끉沅?3ba52aa,,,126.861637,37.566766
占썬끉沅?3bb48aa,5587365.37,5587365.3700000000000000000000000000000,126.864773,37.530729
占썬끉沅?3bb48ab,6919074.42,6919074.4199999900000000000000000000000,126.864754,37.532982
占썬끉沅?3bb48ba,,,126.864735,37.535235
占썬끉沅?3bb48bb,2133596.52,2133596.5200000000000000000000000000000,126.864716,37.537489
占썬끉沅?3bb49aa,5475781.41,5475781.4100000000000000000000000000000,126.864697,37.539742
占썬끉沅?3bb49ab,5951004.52,5951004.5199999900000000000000000000000,126.864678,37.541995
占썬끉沅?3bb50aa,5554159.86,5554159.8600000000000000000000000000000,126.864621,37.548755
占썬끉沅?3bb50ab,6286759.91,6286759.9100000000000000000000000000000,126.864601,37.551008
占썬끉沅?3bb50ba,5311518.70,5311518.7000000000000000000000000000000,126.864582,37.553261
占썬끉沅?3bb50bb,5513560.05,5513560.0499999900000000000000000000000,126.864563,37.555515
占썬끉沅?3bb51aa,5904495.23,5904495.2300000000000000000000000000000,126.864544,37.557768
占썬끉沅?3bb51ab,2474198.27,2474198.2700000000000000000000000000000,126.864525,37.560021
占썬끉沅?3bb51ba,618761.61,618761.6099999990000000000000000000000,126.864506,37.562274
占썬끉沅?3bb51bb,367900.00,367900.0000000000000000000000000000000,126.864487,37.564528
占썬끉沅?4aa50aa,5643815.41,5643815.4100000000000000000000000000000,126.867451,37.548770
占썬끉沅?4aa50ab,4795632.37,4795632.3700000000000000000000000000000,126.867432,37.551023
占썬끉沅?4aa50ba,4912588.80,4912588.7999999900000000000000000000000,126.867412,37.553277
占썬끉沅?4aa50bb,4496971.75,4496971.7500000000000000000000000000000,126.867393,37.555530
占썬끉沅?4aa51aa,2223647.33,2223647.3300000000000000000000000000000,126.867374,37.557783
占썬끉沅?4aa51ab,358217.01,358217.0100000000000000000000000000000,126.867355,37.560036
占썬끉沅?4aa51ba,367899.99,367899.9899999990000000000000000000000,126.867336,37.562290
占썬끉沅?4ab49bb,9190035.86,9190035.8599999900000000000000000000000,126.870300,37.546532
占썬끉沅?4ab50aa,5945719.84,5945719.8399999900000000000000000000000,126.870281,37.548785
占썬끉沅?4ab50ab,4653425.83,4653425.8300000000000000000000000000000,126.870262,37.551038
占썬끉沅?4ab50ba,5763126.64,5763126.6399999900000000000000000000000,126.870243,37.553292
占썬끉沅?4ab50bb,4661468.29,4661468.2900000000000000000000000000000,126.870224,37.555545
占썬끉沅?4ab51aa,1210386.19,1210386.1899999900000000000000000000000,126.870205,37.557798
占썬끉沅?4ab51ab,367900.02,367900.0200000000000000000000000000000,126.870186,37.560052
占썬끉沅?4ab51ba,,,126.870167,37.562305
占썬끉沅?4ba49bb,6392337.56,6392337.5599999900000000000000000000000,126.873130,37.546547
占썬끉沅?4ba50aa,5792110.41,5792110.4100000000000000000000000000000,126.873111,37.548800
占썬끉沅?4ba50ab,5131619.10,5131619.0999999900000000000000000000000,126.873092,37.551054
占썬끉沅?4ba50ba,4333519.75,4333519.7500000000000000000000000000000,126.873073,37.553307
占썬끉沅?4ba50bb,3049027.10,3049027.1000000000000000000000000000000,126.873054,37.555560
占썬끉沅?4ba51aa,367900.00,367900.0000000000000000000000000000000,126.873035,37.557813
占썬끉沅?4ba51ab,,,126.873016,37.560067
占썬끉沅?4bb49bb,6076075.50,6076075.5000000000000000000000000000000,126.875960,37.546562
占썬끉沅?4bb50aa,4949477.73,4949477.7300000000000000000000000000000,126.875941,37.548815
占썬끉沅?4bb50ab,4352239.84,4352239.8399999900000000000000000000000,126.875922,37.551069
占썬끉沅?4bb50ba,2667336.86,2667336.8599999900000000000000000000000,126.875903,37.553322
占썬끉沅?4bb50bb,367900.01,367900.0100000000000000000000000000000,126.875884,37.555575
占썬끉沅?4bb51aa,367899.99,367899.9899999990000000000000000000000,126.875866,37.557828
占썬끉沅?4bb51ab,,,126.875847,37.560082
占썬끉沅?5aa49bb,5057578.89,5057578.8899999900000000000000000000000,126.878789,37.546577
占썬끉沅?5aa50aa,3798279.68,3798279.6800000000000000000000000000000,126.878771,37.548830
占썬끉沅?5aa50ab,667051.90,667051.9000000000000000000000000000000,126.878752,37.551083
占썬끉沅?5aa50ba,367900.05,367900.0499999990000000000000000000000,126.878733,37.553337
占썬끉沅?5aa50bb,367900.01,367900.0100000000000000000000000000000,126.878715,37.555590
占썬끉沅?5aa51aa,,,126.878696,37.557843
占썬끉沅?5ab50aa,,,126.881601,37.548845
占썬끉沅?5ab50bb,,,126.881545,37.555605
