gid,landarea_lbl,landarea_val,경도,위도
占썬끉沅?5aa50ba,,,126.765526,37.552687
占썬끉沅?5aa50bb,,,126.765504,37.554940
占썬끉沅?5aa51aa,,,126.765482,37.557193
占썬끉沅?5ab50ab,,,126.768379,37.550451
占썬끉沅?5ab50ba,,,126.768356,37.552704
占썬끉沅?5ab50bb,2826.60,2826.5999999999900000000000000000000,126.768334,37.554958
占썬끉沅?5ab51aa,868.50,868.5000000000000000000000000000000,126.768312,37.557211
占썬끉沅?5ba50aa,,,126.771230,37.548215
占썬끉沅?5ba50ab,,,126.771209,37.550469
占썬끉沅?5ba50ba,,,126.771187,37.552722
占썬끉沅?5ba50bb,,,126.771165,37.554975
占썬끉沅?5ba51aa,,,126.771143,37.557228
占썬끉沅?5ba51ab,,,126.771121,37.559481
占썬끉沅?5bb50aa,,,126.774060,37.548233
占썬끉沅?5bb50ab,,,126.774039,37.550486
占썬끉沅?5bb50ba,,,126.774017,37.552739
占썬끉沅?5bb50bb,,,126.773995,37.554992
占썬끉沅?5bb51aa,,,126.773973,37.557246
占썬끉沅?5bb51ab,,,126.773951,37.559499
占썬끉沅?5bb51ba,,,126.773929,37.561752
占썬끉沅?5bb52aa,,,126.773886,37.566259
占썬끉沅?5bb52ab,,,126.773864,37.568512
占썬끉沅?6aa49bb,,,126.776912,37.545997
占썬끉沅?6aa50aa,,,126.776890,37.548250
占썬끉沅?6aa50ab,,,126.776869,37.550503
占썬끉沅?6aa50ba,,,126.776847,37.552757
占썬끉沅?6aa50bb,,,126.776825,37.555010
占썬끉沅?6aa51aa,,,126.776803,37.557263
占썬끉沅?6aa51ab,,,126.776782,37.559516
占썬끉沅?6aa51ba,,,126.776760,37.561769
占썬끉沅?6aa51bb,,,126.776738,37.564023
占썬끉沅?6aa52aa,,,126.776716,37.566276
占썬끉沅?6aa52ab,,,126.776694,37.568529
占썬끉沅?6ab49bb,,,126.779742,37.546014
占썬끉沅?6ab50aa,,,126.779720,37.548267
占썬끉沅?6ab50ab,,,126.779699,37.550521
占썬끉沅?6ab50ba,,,126.779677,37.552774
占썬끉沅?6ab50bb,624394.67,624394.6700000000000000000000000000000,126.779655,37.555027
占썬끉沅?6ab51aa,1085.00,1085.0000000000000000000000000000000,126.779634,37.557280
占썬끉沅?6ab51ab,,,126.779612,37.559534
占썬끉沅?6ab51ba,,,126.779590,37.561787
占썬끉沅?6ab51bb,,,126.779569,37.564040
占썬끉沅?6ab52aa,,,126.779547,37.566293
占썬끉沅?6ab52ab,,,126.779525,37.568546
占썬끉沅?6ab52ba,,,126.779503,37.570800
占썬끉沅?6ba49bb,,,126.782572,37.546032
占썬끉沅?6ba50aa,,,126.782550,37.548285
占썬끉沅?6ba50ab,,,126.782529,37.550538
占썬끉沅?6ba50ba,,,126.782507,37.552791
占썬끉沅?6ba50bb,,,126.782486,37.555044
占썬끉沅?6ba51aa,,,126.782464,37.557298
占썬끉沅?6ba51ab,,,126.782442,37.559551
占썬끉沅?6ba51ba,,,126.782421,37.561804
占썬끉沅?6ba51bb,,,126.782399,37.564057
占썬끉沅?6ba52aa,,,126.782378,37.566310
占썬끉沅?6ba52ab,,,126.782356,37.568564
占썬끉沅?6ba52ba,,,126.782334,37.570817
占썬끉沅?6ba52bb,,,126.782313,37.573070
占썬끉沅?6bb49bb,,,126.785402,37.546049
占썬끉沅?6bb50aa,,,126.785380,37.548302
占썬끉沅?6bb50ab,246.00,246.0000000000000000000000000000000,126.785359,37.550555
占썬끉沅?6bb50ba,,,126.785337,37.552808
占썬끉沅?6bb50bb,,,126.785316,37.555062
占썬끉沅?6bb51aa,,,126.785294,37.557315
占썬끉沅?6bb51ab,,,126.785273,37.559568
占썬끉沅?6bb51ba,,,126.785251,37.561821
占썬끉沅?6bb51bb,,,126.785230,37.564074
占썬끉沅?6bb52aa,,,126.785208,37.566328
占썬끉沅?6bb52ab,,,126.785187,37.568581
占썬끉沅?6bb52ba,,,126.785165,37.570834
占썬끉沅?6bb52bb,,,126.785144,37.573087
占썬끉沅?6bb53aa,,,126.785122,37.575340
占썬끉沅?7aa49ba,,,126.788253,37.543813
占썬끉沅?7aa49bb,1144.00,1144.0000000000000000000000000000000,126.788232,37.546066
占썬끉沅?7aa50aa,,,126.788210,37.548319
占썬끉沅?7aa50ab,,,126.788189,37.550572
占썬끉沅?7aa50ba,,,126.788167,37.552825
占썬끉沅?7aa50bb,,,126.788146,37.555079
占썬끉沅?7aa51aa,,,126.788125,37.557332
占썬끉沅?7aa51ab,,,126.788103,37.559585
占썬끉沅?7aa51ba,,,126.788082,37.561838
占썬끉沅?7aa51bb,,,126.788060,37.564092
占썬끉沅?7aa52aa,,,126.788039,37.566345
占썬끉沅?7aa52ab,,,126.788017,37.568598
占썬끉沅?7aa52ba,,,126.787996,37.570851
占썬끉沅?7aa52bb,,,126.787974,37.573104
占썬끉沅?7aa53aa,,,126.787953,37.575358
占썬끉沅?7aa53ab,,,126.787932,37.577611
占썬끉沅?7ab49ab,,,126.791104,37.541576
占썬끉沅?7ab49ba,,,126.791083,37.543830
占썬끉沅?7ab49bb,,,126.791062,37.546083
占썬끉沅?7ab50aa,,,126.791040,37.548336
占썬끉沅?7ab50ab,,,126.791019,37.550589
占썬끉沅?7ab50ba,,,126.790998,37.552842
占썬끉沅?7ab50bb,,,126.790976,37.555096
占썬끉沅?7ab51aa,,,126.790955,37.557349
占썬끉沅?7ab51ab,,,126.790934,37.559602
占썬끉沅?7ab51ba,,,126.790912,37.561855
占썬끉沅?7ab51bb,,,126.790891,37.564109
占썬끉沅?7ab52aa,,,126.790869,37.566362
占썬끉沅?7ab52ab,,,126.790848,37.568615
占썬끉沅?7ab52ba,,,126.790827,37.570868
占썬끉沅?7ab52bb,,,126.790805,37.573121
占썬끉沅?7ab53aa,,,126.790784,37.575375
占썬끉沅?7ab53ab,,,126.790763,37.577628
占썬끉沅?7ab53ba,298.00,298.0000000000000000000000000000000,126.790741,37.579881
占썬끉沅?7ab53bb,,,126.790720,37.582134
占썬끉沅?7ba48ba,,,126.793998,37.534834
占썬끉沅?7ba48bb,,,126.793977,37.537087
占썬끉沅?7ba49aa,,,126.793955,37.539340
占썬끉沅?7ba49ab,330.00,330.0000000000000000000000000000000,126.793934,37.541593
占썬끉沅?7ba49ba,,,126.793913,37.543847
占썬끉沅?7ba49bb,,,126.793892,37.546100
占썬끉沅?7ba50aa,,,126.793870,37.548353
占썬끉沅?7ba50ab,,,126.793849,37.550606
占썬끉沅?7ba50ba,,,126.793828,37.552859
占썬끉沅?7ba50bb,,,126.793806,37.555113
占썬끉沅?7ba51aa,,,126.793785,37.557366
占썬끉沅?7ba51ab,,,126.793764,37.559619
占썬끉沅?7ba51ba,,,126.793743,37.561872
占썬끉沅?7ba51bb,,,126.793721,37.564126
占썬끉沅?7ba52aa,,,126.793700,37.566379
占썬끉沅?7ba52ab,,,126.793679,37.568632
占썬끉沅?7ba52ba,,,126.793658,37.570885
占썬끉沅?7ba52bb,,,126.793636,37.573138
占썬끉沅?7ba53aa,,,126.793615,37.575392
占썬끉沅?7ba53ab,,,126.793594,37.577645
占썬끉沅?7ba53ba,,,126.793572,37.579898
占썬끉沅?7ba53bb,,,126.793551,37.582151
占썬끉沅?7ba54aa,,,126.793530,37.584404
占썬끉沅?7bb48bb,3524.50,3524.5000000000000000000000000000000,126.796806,37.537104
占썬끉沅?7bb49aa,3203.00,3203.0000000000000000000000000000000,126.796785,37.539357
占썬끉沅?7bb49ab,,,126.796764,37.541610
占썬끉沅?7bb49ba,,,126.796743,37.543863
占썬끉沅?7bb49bb,261964.60,261964.6000000000000000000000000000000,126.796721,37.546117
占썬끉沅?7bb50aa,,,126.796700,37.548370
占썬끉沅?7bb50ab,,,126.796679,37.550623
占썬끉沅?7bb50ba,,,126.796658,37.552876
占썬끉沅?7bb50bb,,,126.796637,37.555130
占썬끉沅?7bb51aa,,,126.796616,37.557383
占썬끉沅?7bb51ab,,,126.796594,37.559636
占썬끉沅?7bb51ba,3425949.90,3425949.8999999900000000000000000000000,126.796573,37.561889
占썬끉沅?7bb51bb,673608.40,673608.4000000000000000000000000000000,126.796552,37.564142
占썬끉沅?7bb52aa,,,126.796531,37.566396
占썬끉沅?7bb52ab,,,126.796510,37.568649
占썬끉沅?7bb52ba,,,126.796488,37.570902
占썬끉沅?7bb52bb,,,126.796467,37.573155
占썬끉沅?7bb53aa,,,126.796446,37.575409
占썬끉沅?7bb53ab,56493.00,56493.0000000000000000000000000000000,126.796425,37.577662
占썬끉沅?7bb53ba,,,126.796404,37.579915
占썬끉沅?7bb53bb,,,126.796382,37.582168
占썬끉沅?7bb54aa,,,126.796361,37.584421
占썬끉沅?7bb54ab,,,126.796340,37.586675
占썬끉沅?7bb55ab,,,126.796255,37.595687
占썬끉沅?7bb55ba,,,126.796234,37.597941
占썬끉沅?7bb55bb,,,126.796213,37.600194
占썬끉沅?8aa48bb,,,126.799636,37.537121
占썬끉沅?8aa49aa,,,126.799615,37.539374
占썬끉沅?8aa49ab,,,126.799593,37.541627
占썬끉沅?8aa49ba,69594.20,69594.1999999999000000000000000000000,126.799572,37.543880
占썬끉沅?8aa49bb,,,126.799551,37.546133
占썬끉沅?8aa50aa,,,126.799530,37.548387
占썬끉沅?8aa50ab,,,126.799509,37.550640
占썬끉沅?8aa50ba,,,126.799488,37.552893
占썬끉沅?8aa50bb,,,126.799467,37.555146
占썬끉沅?8aa51aa,,,126.799446,37.557400
占썬끉沅?8aa51ab,,,126.799425,37.559653
占썬끉沅?8aa51ba,,,126.799404,37.561906
占썬끉沅?8aa51bb,,,126.799383,37.564159
占썬끉沅?8aa52aa,,,126.799361,37.566412
占썬끉沅?8aa52ab,,,126.799340,37.568666
占썬끉沅?8aa52ba,,,126.799319,37.570919
占썬끉沅?8aa52bb,,,126.799298,37.573172
占썬끉沅?8aa53aa,,,126.799277,37.575425
占썬끉沅?8aa53ab,2925.20,2925.1999999999900000000000000000000,126.799256,37.577679
占썬끉沅?8aa53ba,261.03,261.0299999999990000000000000000000,126.799235,37.579932
占썬끉沅?8aa53bb,357.01,357.0099999999990000000000000000000,126.799214,37.582185
占썬끉沅?8aa54aa,294.13,294.1299999999990000000000000000000,126.799193,37.584438
占썬끉沅?8aa54ab,3258.00,3258.0000000000000000000000000000000,126.799171,37.586691
占썬끉沅?8aa54ba,,,126.799150,37.588945
占썬끉沅?8aa54bb,,,126.799129,37.591198
占썬끉沅?8aa55aa,,,126.799108,37.593451
占썬끉沅?8aa55ab,,,126.799087,37.595704
占썬끉沅?8aa55ba,,,126.799066,37.597958
占썬끉沅?8aa55bb,,,126.799045,37.600211
占썬끉沅?8aa56aa,,,126.799023,37.602464
占썬끉沅?8ab49ab,,,126.802423,37.541644
占썬끉沅?8ab49ba,,,126.802402,37.543897
占썬끉沅?8ab49bb,,,126.802381,37.546150
占썬끉沅?8ab50aa,,,126.802360,37.548403
占썬끉沅?8ab50ab,,,126.802339,37.550657
占썬끉沅?8ab50ba,,,126.802318,37.552910
占썬끉沅?8ab50bb,,,126.802297,37.555163
占썬끉沅?8ab51aa,,,126.802276,37.557416
占썬끉沅?8ab51ab,,,126.802255,37.559670
占썬끉沅?8ab51ba,,,126.802234,37.561923
占썬끉沅?8ab51bb,,,126.802213,37.564176
占썬끉沅?8ab52aa,,,126.802192,37.566429
占썬끉沅?8ab52ab,673608.40,673608.4000000000000000000000000000000,126.802171,37.568682
占썬끉沅?8ab52ba,1391690.95,1391690.9499999900000000000000000000000,126.802150,37.570936
占썬끉沅?8ab52bb,673608.40,673608.4000000000000000000000000000000,126.802129,37.573189
占썬끉沅?8ab53aa,716.51,716.5099999999990000000000000000000,126.802108,37.575442
占썬끉沅?8ab53ab,305.65,305.6499999999990000000000000000000,126.802087,37.577695
占썬끉沅?8ab53ba,495.54,495.5400000000000000000000000000000,126.802066,37.579949
占썬끉沅?8ab53bb,,,126.802045,37.582202
占썬끉沅?8ab54aa,,,126.802024,37.584455
占썬끉沅?8ab54ab,228.84,228.8400000000000000000000000000000,126.802003,37.586708
占썬끉沅?8ab54ba,388.40,388.3999999999990000000000000000000,126.801982,37.588961
占썬끉沅?8ab54bb,,,126.801961,37.591215
占썬끉沅?8ab55aa,,,126.801940,37.593468
占썬끉沅?8ab55ab,,,126.801919,37.595721
占썬끉沅?8ab55ba,,,126.801898,37.597974
占썬끉沅?8ab55bb,,,126.801877,37.600228
占썬끉沅?8ab56aa,,,126.801856,37.602481
占썬끉沅?8ab56ab,,,126.801834,37.604734
占썬끉沅?8ba49ba,,,126.805232,37.543914
占썬끉沅?8ba49bb,,,126.805211,37.546167
占썬끉沅?8ba50aa,,,126.805190,37.548420
占썬끉沅?8ba50ab,,,126.805169,37.550673
占썬끉沅?8ba50ba,,,126.805148,37.552927
占썬끉沅?8ba50bb,,,126.805127,37.555180
占썬끉沅?8ba51aa,8638.00,8638.0000000000000000000000000000000,126.805107,37.557433
占썬끉沅?8ba51ab,3425949.90,3425949.8999999900000000000000000000000,126.805086,37.559686
占썬끉沅?8ba51ba,,,126.805065,37.561939
占썬끉沅?8ba51bb,,,126.805044,37.564193
占썬끉沅?8ba52aa,328.40,328.3999999999990000000000000000000,126.805023,37.566446
占썬끉沅?8ba52ab,23634.15,23634.1500000000000000000000000000000,126.805002,37.568699
占썬끉沅?8ba52ba,20037.30,20037.2999999999000000000000000000000,126.804981,37.570952
占썬끉沅?8ba52bb,2631.41,2631.4099999999900000000000000000000,126.804960,37.573206
占썬끉沅?8ba53aa,,,126.804939,37.575459
占썬끉沅?8ba53ab,,,126.804918,37.577712
占썬끉沅?8ba53ba,,,126.804897,37.579965
占썬끉沅?8ba53bb,5253.00,5253.0000000000000000000000000000000,126.804876,37.582219
占썬끉沅?8ba54aa,,,126.804855,37.584472
占썬끉沅?8ba54ab,,,126.804834,37.586725
占썬끉沅?8ba54ba,,,126.804813,37.588978
占썬끉沅?8ba54bb,,,126.804792,37.591231
占썬끉沅?8ba55aa,,,126.804771,37.593485
占썬끉沅?8ba55ab,,,126.804750,37.595738
占썬끉沅?8ba55ba,,,126.804730,37.597991
占썬끉沅?8ba55bb,,,126.804709,37.600244
占썬끉沅?8ba56aa,,,126.804688,37.602497
占썬끉沅?8ba56ab,,,126.804667,37.604751
占썬끉沅?8bb49ab,,,126.808083,37.541677
占썬끉沅?8bb49ba,,,126.808062,37.543930
占썬끉沅?8bb49bb,,,126.808041,37.546184
占썬끉沅?8bb50aa,,,126.808020,37.548437
占썬끉沅?8bb50ab,,,126.807999,37.550690
占썬끉沅?8bb50ba,,,126.807979,37.552943
占썬끉沅?8bb50bb,,,126.807958,37.555196
占썬끉沅?8bb51aa,180483.40,180483.3999999990000000000000000000000,126.807937,37.557450
占썬끉沅?8bb51ab,504.28,504.2799999999990000000000000000000,126.807916,37.559703
占썬끉沅?8bb51ba,1749.20,1749.2000000000000000000000000000000,126.807895,37.561956
占썬끉沅?8bb51bb,503.53,503.5299999999990000000000000000000,126.807874,37.564209
占썬끉沅?8bb52aa,175.20,175.1999999999990000000000000000000,126.807853,37.566463
占썬끉沅?8bb52ab,4828.25,4828.2500000000000000000000000000000,126.807833,37.568716
占썬끉沅?8bb52ba,9358.75,9358.7500000000000000000000000000000,126.807812,37.570969
占썬끉沅?8bb52bb,791.51,791.5099999999990000000000000000000,126.807791,37.573222
占썬끉沅?8bb53aa,10188.27,10188.2700000000000000000000000000000,126.807770,37.575475
占썬끉沅?8bb53ab,3509.97,3509.9699999999900000000000000000000,126.807749,37.577729
占썬끉沅?8bb53ba,,,126.807728,37.579982
占썬끉沅?8bb53bb,2182.00,2182.0000000000000000000000000000000,126.807707,37.582235
占썬끉沅?8bb54aa,,,126.807687,37.584488
占썬끉沅?8bb54ab,,,126.807666,37.586742
占썬끉沅?8bb54ba,,,126.807645,37.588995
占썬끉沅?8bb54bb,,,126.807624,37.591248
占썬끉沅?8bb55aa,,,126.807603,37.593501
占썬끉沅?8bb55ab,,,126.807582,37.595754
占썬끉沅?8bb55ba,,,126.807561,37.598008
占썬끉沅?8bb55bb,,,126.807540,37.600261
占썬끉沅?8bb56aa,,,126.807520,37.602514
占썬끉沅?9aa49ab,,,126.810912,37.541694
占썬끉沅?9aa49ba,,,126.810892,37.543947
占썬끉沅?9aa49bb,,,126.810871,37.546200
占썬끉沅?9aa50aa,,,126.810850,37.548453
占썬끉沅?9aa50ab,,,126.810829,37.550707
占썬끉沅?9aa50ba,,,126.810809,37.552960
占썬끉沅?9aa50bb,836.48,836.4800000000000000000000000000000,126.810788,37.555213
占썬끉沅?9aa51aa,218.38,218.3799999999990000000000000000000,126.810767,37.557466
占썬끉沅?9aa51ab,284.42,284.4200000000000000000000000000000,126.810746,37.559719
占썬끉沅?9aa51ba,825.92,825.9199999999990000000000000000000,126.810726,37.561973
占썬끉沅?9aa51bb,232.55,232.5500000000000000000000000000000,126.810705,37.564226
占썬끉沅?9aa52aa,192.93,192.9300000000000000000000000000000,126.810684,37.566479
占썬끉沅?9aa52ab,216.62,216.6200000000000000000000000000000,126.810663,37.568732
占썬끉沅?9aa52ba,1127.72,1127.7200000000000000000000000000000,126.810643,37.570986
占썬끉沅?9aa52bb,668.97,668.9700000000000000000000000000000,126.810622,37.573239
占썬끉沅?9aa53aa,554.84,554.8400000000000000000000000000000,126.810601,37.575492
占썬끉沅?9aa53ab,33109.14,33109.1399999998000000000000000000000,126.810580,37.577745
占썬끉沅?9aa53ba,18940.96,18940.9599999999000000000000000000000,126.810560,37.579998
占썬끉沅?9aa53bb,11916.50,11916.5000000000000000000000000000000,126.810539,37.582252
占썬끉沅?9aa54aa,3464.17,3464.1700000000000000000000000000000,126.810518,37.584505
占썬끉沅?9aa54ab,,,126.810497,37.586758
占썬끉沅?9aa54ba,,,126.810476,37.589011
占썬끉沅?9aa54bb,,,126.810456,37.591265
占썬끉沅?9aa55aa,,,126.810435,37.593518
占썬끉沅?9aa55ab,,,126.810414,37.595771
占썬끉沅?9aa55ba,,,126.810393,37.598024
占썬끉沅?9aa55bb,,,126.810372,37.600277
占썬끉沅?9ab49ab,,,126.813742,37.541710
占썬끉沅?9ab49ba,,,126.813722,37.543963
占썬끉沅?9ab49bb,21934.88,21934.8800000000000000000000000000000,126.813701,37.546217
占썬끉沅?9ab50aa,193849.30,193849.2999999990000000000000000000000,126.813680,37.548470
占썬끉沅?9ab50ab,3425949.90,3425949.8999999900000000000000000000000,126.813660,37.550723
占썬끉沅?9ab50ba,685326.20,685326.1999999990000000000000000000000,126.813639,37.552976
占썬끉沅?9ab50bb,206.70,206.6999999999990000000000000000000,126.813618,37.555229
占썬끉沅?9ab51aa,180.94,180.9399999999990000000000000000000,126.813598,37.557483
占썬끉沅?9ab51ab,197.87,197.8700000000000000000000000000000,126.813577,37.559736
占썬끉沅?9ab51ba,394.70,394.6999999999990000000000000000000,126.813556,37.561989
占썬끉沅?9ab51bb,181.72,181.7199999999990000000000000000000,126.813536,37.564242
占썬끉沅?9ab52aa,187.05,187.0499999999990000000000000000000,126.813515,37.566496
占썬끉沅?9ab52ab,477.23,477.2300000000000000000000000000000,126.813494,37.568749
占썬끉沅?9ab52ba,2463.02,2463.0199999999900000000000000000000,126.813473,37.571002
占썬끉沅?9ab52bb,690.31,690.3099999999990000000000000000000,126.813453,37.573255
占썬끉沅?9ab53aa,6629.14,6629.1400000000000000000000000000000,126.813432,37.575509
占썬끉沅?9ab53ab,20096.08,20096.0800000000000000000000000000000,126.813411,37.577762
占썬끉沅?9ab53ba,16776.81,16776.8100000000000000000000000000000,126.813391,37.580015
占썬끉沅?9ab53bb,25144.00,25144.0000000000000000000000000000000,126.813370,37.582268
占썬끉沅?9ab54aa,12320.60,12320.6000000000000000000000000000000,126.813349,37.584521
占썬끉沅?9ab54ab,,,126.813329,37.586775
占썬끉沅?9ab54ba,,,126.813308,37.589028
占썬끉沅?9ab54bb,,,126.813287,37.591281
占썬끉沅?9ab55aa,,,126.813267,37.593534
占썬끉沅?9ab55ab,,,126.813246,37.595788
占썬끉沅?9ab55ba,,,126.813225,37.598041
占썬끉沅?9ba49aa,,,126.816592,37.539473
占썬끉沅?9ba49ab,3516.50,3516.5000000000000000000000000000000,126.816572,37.541726
占썬끉沅?9ba49ba,2229.57,2229.5700000000000000000000000000000,126.816551,37.543980
占썬끉沅?9ba49bb,3280.60,3280.5999999999900000000000000000000,126.816531,37.546233
占썬끉沅?9ba50aa,4800.03,4800.0299999999900000000000000000000,126.816510,37.548486
占썬끉沅?9ba50ab,,,126.816490,37.550739
占썬끉沅?9ba50ba,1181.88,1181.8800000000000000000000000000000,126.816469,37.552993
占썬끉沅?9ba50bb,186.20,186.1999999999990000000000000000000,126.816448,37.555246
占썬끉沅?9ba51aa,210.66,210.6599999999990000000000000000000,126.816428,37.557499
占썬끉沅?9ba51ab,5140.00,5140.0000000000000000000000000000000,126.816407,37.559752
占썬끉沅?9ba51ba,260.40,260.3999999999990000000000000000000,126.816387,37.562006
占썬끉沅?9ba51bb,1519.25,1519.2500000000000000000000000000000,126.816366,37.564259
占썬끉沅?9ba52aa,202.58,202.5800000000000000000000000000000,126.816346,37.566512
占썬끉沅?9ba52ab,354.24,354.2400000000000000000000000000000,126.816325,37.568765
占썬끉沅?9ba52ba,802.32,802.3200000000000000000000000000000,126.816304,37.571019
占썬끉沅?9ba52bb,1431.86,1431.8599999999900000000000000000000,126.816284,37.573272
占썬끉沅?9ba53aa,18429.07,18429.0699999999000000000000000000000,126.816263,37.575525
占썬끉沅?9ba53ab,1278.80,1278.7999999999900000000000000000000,126.816243,37.577778
占썬끉沅?9ba53ba,4243.84,4243.8400000000000000000000000000000,126.816222,37.580031
占썬끉沅?9ba53bb,,,126.816201,37.582285
占썬끉沅?9ba54aa,2977.00,2977.0000000000000000000000000000000,126.816181,37.584538
占썬끉沅?9ba54ab,9672.00,9672.0000000000000000000000000000000,126.816160,37.586791
占썬끉沅?9ba54ba,,,126.816139,37.589044
占썬끉沅?9ba54bb,,,126.816119,37.591298
占썬끉沅?9ba55aa,,,126.816098,37.593551
占썬끉沅?9ba55ab,,,126.816078,37.595804
占썬끉沅?9ba55ba,,,126.816057,37.598057
占썬끉沅?9bb49ab,,,126.819402,37.541743
占썬끉沅?9bb49ba,,,126.819381,37.543996
占썬끉沅?9bb49bb,4711.63,4711.6300000000000000000000000000000,126.819361,37.546249
占썬끉沅?9bb50aa,39710.20,39710.1999999999000000000000000000000,126.819340,37.548503
占썬끉沅?9bb50ab,213031.90,213031.8999999990000000000000000000000,126.819320,37.550756
占썬끉沅?9bb50ba,13097.60,13097.6000000000000000000000000000000,126.819299,37.553009
占썬끉沅?9bb50bb,178.36,178.3600000000000000000000000000000,126.819279,37.555262
占썬끉沅?9bb51aa,202.94,202.9399999999990000000000000000000,126.819258,37.557515
占썬끉沅?9bb51ab,,,126.819238,37.559769
占썬끉沅?9bb51ba,,,126.819217,37.562022
占썬끉沅?9bb51bb,27783.00,27783.0000000000000000000000000000000,126.819197,37.564275
占썬끉沅?9bb52aa,2493.05,2493.0500000000000000000000000000000,126.819176,37.566528
占썬끉沅?9bb52ab,1497.70,1497.7000000000000000000000000000000,126.819156,37.568782
占썬끉沅?9bb52ba,1044.66,1044.6600000000000000000000000000000,126.819135,37.571035
占썬끉沅?9bb52bb,14970.12,14970.1200000000000000000000000000000,126.819115,37.573288
占썬끉沅?9bb53aa,50393.33,50393.3300000000000000000000000000000,126.819094,37.575541
占썬끉沅?9bb53ab,1147.36,1147.3599999999900000000000000000000,126.819074,37.577795
占썬끉沅?9bb53ba,6178.15,6178.1499999999900000000000000000000,126.819053,37.580048
占썬끉沅?9bb53bb,4450.00,4450.0000000000000000000000000000000,126.819033,37.582301
占썬끉沅?9bb54aa,,,126.819012,37.584554
占썬끉沅?9bb54ab,,,126.818992,37.586807
占썬끉沅?9bb54ba,,,126.818971,37.589061
占썬끉沅?9bb54bb,,,126.818950,37.591314
占썬끉沅?9bb55aa,,,126.818930,37.593567
占썬끉沅?9bb55ab,,,126.818909,37.595820
占썬끉沅?0aa49ab,,,126.822231,37.541759
占썬끉沅?0aa49ba,,,126.822211,37.544012
占썬끉沅?0aa49bb,631.90,631.8999999999990000000000000000000,126.822191,37.546266
占썬끉沅?0aa50aa,27114.34,27114.3400000000000000000000000000000,126.822170,37.548519
占썬끉沅?0aa50ab,28683.54,28683.5400000000000000000000000000000,126.822150,37.550772
占썬끉沅?0aa50ba,71621.51,71621.5099999999000000000000000000000,126.822129,37.553025
占썬끉沅?0aa50bb,182704.43,182704.4299999990000000000000000000000,126.822109,37.555279
占썬끉沅?0aa51aa,12098.40,12098.3999999999000000000000000000000,126.822089,37.557532
占썬끉沅?0aa51ab,,,126.822068,37.559785
占썬끉沅?0aa51ba,7490.18,7490.1800000000000000000000000000000,126.822048,37.562038
占썬끉沅?0aa51bb,,,126.822027,37.564291
占썬끉沅?0aa52aa,279.86,279.8600000000000000000000000000000,126.822007,37.566545
占썬끉沅?0aa52ab,3956.09,3956.0900000000000000000000000000000,126.821986,37.568798
占썬끉沅?0aa52ba,4961.46,4961.4600000000000000000000000000000,126.821966,37.571051
占썬끉沅?0aa52bb,2371.73,2371.7300000000000000000000000000000,126.821946,37.573304
占썬끉沅?0aa53aa,,,126.821925,37.575558
占썬끉沅?0aa53ab,,,126.821905,37.577811
占썬끉沅?0aa53ba,,,126.821884,37.580064
占썬끉沅?0aa53bb,,,126.821864,37.582317
占썬끉沅?0aa54aa,,,126.821843,37.584571
占썬끉沅?0aa54ab,,,126.821823,37.586824
占썬끉沅?0aa54ba,,,126.821803,37.589077
占썬끉沅?0aa54bb,,,126.821782,37.591330
占썬끉沅?0ab49ab,,,126.825061,37.541775
占썬끉沅?0ab49ba,,,126.825041,37.544029
占썬끉沅?0ab49bb,1781.91,1781.9100000000000000000000000000000,126.825021,37.546282
占썬끉沅?0ab50aa,10530.63,10530.6299999999000000000000000000000,126.825000,37.548535
占썬끉沅?0ab50ab,24979.15,24979.1500000000000000000000000000000,126.824980,37.550788
占썬끉沅?0ab50ba,18073.38,18073.3800000000000000000000000000000,126.824960,37.553042
占썬끉沅?0ab50bb,,,126.824939,37.555295
占썬끉沅?0ab51aa,2086.26,2086.2600000000000000000000000000000,126.824919,37.557548
占썬끉沅?0ab51ab,2299.21,2299.2100000000000000000000000000000,126.824899,37.559801
占썬끉沅?0ab51ba,7586.30,7586.3000000000000000000000000000000,126.824878,37.562054
占썬끉沅?0ab51bb,,,126.824858,37.564308
占썬끉沅?0ab52aa,279.45,279.4499999999990000000000000000000,126.824838,37.566561
占썬끉沅?0ab52ab,2957.94,2957.9400000000000000000000000000000,126.824817,37.568814
占썬끉沅?0ab52ba,4374.11,4374.1099999999900000000000000000000,126.824797,37.571067
占썬끉沅?0ab52bb,742.18,742.1799999999990000000000000000000,126.824777,37.573321
占썬끉沅?0ab53aa,,,126.824756,37.575574
占썬끉沅?0ab53ab,,,126.824736,37.577827
占썬끉沅?0ab53ba,,,126.824716,37.580080
占썬끉沅?0ab53bb,,,126.824695,37.582334
占썬끉沅?0ab54aa,,,126.824675,37.584587
占썬끉沅?0ab54ab,,,126.824654,37.586840
占썬끉沅?0ab54ba,,,126.824634,37.589093
占썬끉沅?0ab54bb,,,126.824614,37.591346
占썬끉沅?0ba49bb,,,126.827850,37.546298
占썬끉沅?0ba50aa,35005.10,35005.0999999999000000000000000000000,126.827830,37.548551
占썬끉沅?0ba50ab,23921.33,23921.3300000000000000000000000000000,126.827810,37.550804
占썬끉沅?0ba50ba,22012.52,22012.5200000000000000000000000000000,126.827790,37.553058
占썬끉沅?0ba50bb,33611.61,33611.6100000000000000000000000000000,126.827770,37.555311
占썬끉沅?0ba51aa,2227.58,2227.5799999999900000000000000000000,126.827749,37.557564
占썬끉沅?0ba51ab,2916.76,2916.7600000000000000000000000000000,126.827729,37.559817
占썬끉沅?0ba51ba,9897.60,9897.6000000000000000000000000000000,126.827709,37.562071
占썬끉沅?0ba51bb,,,126.827689,37.564324
占썬끉沅?0ba52aa,9677.63,9677.6299999999900000000000000000000,126.827668,37.566577
占썬끉沅?0ba52ab,5304.33,5304.3299999999900000000000000000000,126.827648,37.568830
占썬끉沅?0ba52ba,11636.20,11636.2000000000000000000000000000000,126.827628,37.571084
占썬끉沅?0ba52bb,,,126.827608,37.573337
占썬끉沅?0ba53aa,,,126.827587,37.575590
占썬끉沅?0ba53ab,,,126.827567,37.577843
占썬끉沅?0ba53ba,,,126.827547,37.580096
占썬끉沅?0ba53bb,,,126.827526,37.582350
占썬끉沅?0ba54aa,,,126.827506,37.584603
占썬끉沅?0ba54ab,,,126.827486,37.586856
占썬끉沅?0ba54ba,,,126.827466,37.589109
占썬끉沅?0bb49ab,150567.00,150567.0000000000000000000000000000000,126.830721,37.541808
占썬끉沅?0bb49ba,150567.00,150567.0000000000000000000000000000000,126.830701,37.544061
占썬끉沅?0bb49bb,150567.00,150567.0000000000000000000000000000000,126.830680,37.546314
占썬끉沅?0bb50aa,10140.73,10140.7299999999000000000000000000000,126.830660,37.548567
占썬끉沅?0bb50ab,2428.09,2428.0900000000000000000000000000000,126.830640,37.550820
占썬끉沅?0bb50ba,5866.73,5866.7299999999900000000000000000000,126.830620,37.553074
占썬끉沅?0bb50bb,49086.90,49086.9000000000000000000000000000000,126.830600,37.555327
占썬끉沅?0bb51aa,2523.74,2523.7399999999900000000000000000000,126.830580,37.557580
占썬끉沅?0bb51ab,2622.73,2622.7300000000000000000000000000000,126.830559,37.559833
占썬끉沅?0bb51ba,35945.83,35945.8300000000000000000000000000000,126.830539,37.562087
占썬끉沅?0bb51bb,65953.20,65953.1999999999000000000000000000000,126.830519,37.564340
占썬끉沅?0bb52aa,504012.00,504012.0000000000000000000000000000000,126.830499,37.566593
占썬끉沅?0bb52ab,1056.15,1056.1500000000000000000000000000000,126.830479,37.568846
占썬끉沅?0bb52ba,,,126.830459,37.571100
占썬끉沅?0bb52bb,1184.00,1184.0000000000000000000000000000000,126.830438,37.573353
占썬끉沅?0bb53aa,,,126.830418,37.575606
占썬끉沅?0bb53ab,,,126.830398,37.577859
占썬끉沅?0bb53ba,,,126.830378,37.580113
占썬끉沅?0bb53bb,,,126.830358,37.582366
占썬끉沅?0bb54aa,,,126.830338,37.584619
占썬끉沅?0bb54ab,,,126.830317,37.586872
占썬끉沅?1aa48ba,175.13,175.1299999999990000000000000000000,126.833611,37.535064
占썬끉沅?1aa48bb,374.85,374.8500000000000000000000000000000,126.833591,37.537317
占썬끉沅?1aa49aa,260.04,260.0400000000000000000000000000000,126.833570,37.539570
占썬끉沅?1aa49ab,5291.41,5291.4099999999900000000000000000000,126.833550,37.541824
占썬끉沅?1aa49ba,6751.62,6751.6199999999900000000000000000000,126.833530,37.544077
占썬끉沅?1aa49bb,54785.06,54785.0599999999000000000000000000000,126.833510,37.546330
占썬끉沅?1aa50aa,577.53,577.5299999999990000000000000000000,126.833490,37.548583
占썬끉沅?1aa50ab,542.75,542.7500000000000000000000000000000,126.833470,37.550837
占썬끉沅?1aa50ba,2316.25,2316.2500000000000000000000000000000,126.833450,37.553090
占썬끉沅?1aa50bb,112.80,112.7999999999990000000000000000000,126.833430,37.555343
占썬끉沅?1aa51aa,1657.63,1657.6300000000000000000000000000000,126.833410,37.557596
占썬끉沅?1aa51ab,2552.03,2552.0300000000000000000000000000000,126.833390,37.559849
占썬끉沅?1aa51ba,65953.20,65953.1999999999000000000000000000000,126.833370,37.562103
占썬끉沅?1aa51bb,140589.52,140589.5199999990000000000000000000000,126.833350,37.564356
占썬끉沅?1aa52aa,504012.00,504012.0000000000000000000000000000000,126.833330,37.566609
占썬끉沅?1aa52ab,504012.00,504012.0000000000000000000000000000000,126.833310,37.568862
占썬끉沅?1aa52ba,504012.00,504012.0000000000000000000000000000000,126.833290,37.571116
占썬끉沅?1aa52bb,226556.98,226556.9800000000000000000000000000000,126.833269,37.573369
占썬끉沅?1aa53aa,,,126.833249,37.575622
占썬끉沅?1aa53ab,13417.55,13417.5499999999000000000000000000000,126.833229,37.577875
占썬끉沅?1aa53ba,,,126.833209,37.580129
占썬끉沅?1aa53bb,,,126.833189,37.582382
占썬끉沅?1aa54aa,,,126.833169,37.584635
占썬끉沅?1aa54ab,,,126.833149,37.586888
占썬끉沅?1ab48aa,337.68,337.6800000000000000000000000000000,126.836480,37.530573
占썬끉沅?1ab48ab,1579.06,1579.0599999999900000000000000000000,126.836460,37.532826
占썬끉沅?1ab48ba,624.18,624.1799999999990000000000000000000,126.836440,37.535080
占썬끉沅?1ab48bb,475.85,475.8500000000000000000000000000000,126.836420,37.537333
占썬끉沅?1ab49aa,293.06,293.0600000000000000000000000000000,126.836400,37.539586
占썬끉沅?1ab49ab,199.65,199.6500000000000000000000000000000,126.836380,37.541839
占썬끉沅?1ab49ba,302.20,302.1999999999990000000000000000000,126.836360,37.544093
占썬끉沅?1ab49bb,5259.80,5259.8000000000000000000000000000000,126.836340,37.546346
占썬끉沅?1ab50aa,48538.59,48538.5899999999000000000000000000000,126.836320,37.548599
占썬끉沅?1ab50ab,8438.19,8438.1900000000000000000000000000000,126.836300,37.550852
占썬끉沅?1ab50ba,453.22,453.2200000000000000000000000000000,126.836280,37.553106
占썬끉沅?1ab50bb,2046.95,2046.9500000000000000000000000000000,126.836260,37.555359
占썬끉沅?1ab51aa,5586.99,5586.9899999999900000000000000000000,126.836240,37.557612
占썬끉沅?1ab51ab,2513.66,2513.6599999999900000000000000000000,126.836220,37.559865
占썬끉沅?1ab51ba,1220.75,1220.7500000000000000000000000000000,126.836200,37.562119
占썬끉沅?1ab51bb,5107.07,5107.0699999999900000000000000000000,126.836180,37.564372
占썬끉沅?1ab52aa,1051.06,1051.0599999999900000000000000000000,126.836160,37.566625
占썬끉沅?1ab52ab,504012.00,504012.0000000000000000000000000000000,126.836140,37.568878
占썬끉沅?1ab52ba,504012.00,504012.0000000000000000000000000000000,126.836120,37.571132
占썬끉沅?1ab52bb,3355.49,3355.4899999999900000000000000000000,126.836100,37.573385
占썬끉沅?1ab53aa,6119.14,6119.1400000000000000000000000000000,126.836080,37.575638
占썬끉沅?1ab53ab,,,126.836060,37.577891
占썬끉沅?1ab53ba,,,126.836040,37.580145
占썬끉沅?1ab53bb,,,126.836020,37.582398
占썬끉沅?1ab54aa,,,126.836000,37.584651
占썬끉沅?1ba47ba,653.53,653.5299999999990000000000000000000,126.839349,37.526083
占썬끉沅?1ba47bb,232.11,232.1100000000000000000000000000000,126.839329,37.528336
占썬끉沅?1ba48aa,276.48,276.4800000000000000000000000000000,126.839309,37.530589
占썬끉沅?1ba48ab,368.91,368.9100000000000000000000000000000,126.839289,37.532842
占썬끉沅?1ba48ba,260.04,260.0400000000000000000000000000000,126.839270,37.535096
占썬끉沅?1ba48bb,271.18,271.1800000000000000000000000000000,126.839250,37.537349
占썬끉沅?1ba49aa,306.84,306.8399999999990000000000000000000,126.839230,37.539602
占썬끉沅?1ba49ab,357.20,357.1999999999990000000000000000000,126.839210,37.541855
占썬끉沅?1ba49ba,287.46,287.4599999999990000000000000000000,126.839190,37.544109
占썬끉沅?1ba49bb,131939.10,131939.1000000000000000000000000000000,126.839170,37.546362
占썬끉沅?1ba50aa,111590.49,111590.4900000000000000000000000000000,126.839150,37.548615
占썬끉沅?1ba50ab,36899.57,36899.5699999999000000000000000000000,126.839130,37.550868
占썬끉沅?1ba50ba,639.56,639.5599999999990000000000000000000,126.839110,37.553122
占썬끉沅?1ba50bb,21438.99,21438.9900000000000000000000000000000,126.839091,37.555375
占썬끉沅?1ba51aa,49848.47,49848.4700000000000000000000000000000,126.839071,37.557628
占썬끉沅?1ba51ab,1084.14,1084.1400000000000000000000000000000,126.839051,37.559881
占썬끉沅?1ba51ba,1001.11,1001.1100000000000000000000000000000,126.839031,37.562135
占썬끉沅?1ba51bb,2556.37,2556.3700000000000000000000000000000,126.839011,37.564388
占썬끉沅?1ba52aa,1512.76,1512.7599999999900000000000000000000,126.838991,37.566641
占썬끉沅?1ba52ab,6918.37,6918.3699999999900000000000000000000,126.838971,37.568894
占썬끉沅?1ba52ba,1382.11,1382.1099999999900000000000000000000,126.838951,37.571148
占썬끉沅?1ba52bb,7377.83,7377.8299999999900000000000000000000,126.838931,37.573401
占썬끉沅?1ba53aa,11747.51,11747.5100000000000000000000000000000,126.838911,37.575654
占썬끉沅?1ba53ab,,,126.838891,37.577907
占썬끉沅?1ba53ba,,,126.838872,37.580160
占썬끉沅?1ba53bb,,,126.838852,37.582414
占썬끉沅?1bb47ba,624.66,624.6599999999990000000000000000000,126.842178,37.526098
占썬끉沅?1bb47bb,323.26,323.2599999999990000000000000000000,126.842158,37.528352
占썬끉沅?1bb48aa,307.40,307.3999999999990000000000000000000,126.842139,37.530605
占썬끉沅?1bb48ab,239.78,239.7800000000000000000000000000000,126.842119,37.532858
占썬끉沅?1bb48ba,467.31,467.3100000000000000000000000000000,126.842099,37.535111
占썬끉沅?1bb48bb,261.73,261.7300000000000000000000000000000,126.842079,37.537365
占썬끉沅?1bb49aa,269.49,269.4900000000000000000000000000000,126.842060,37.539618
占썬끉沅?1bb49ab,316.72,316.7200000000000000000000000000000,126.842040,37.541871
占썬끉沅?1bb49ba,245.85,245.8499999999990000000000000000000,126.842020,37.544124
占썬끉沅?1bb49bb,23039.33,23039.3300000000000000000000000000000,126.842000,37.546378
占썬끉沅?1bb50aa,57635.02,57635.0200000000000000000000000000000,126.841980,37.548631
占썬끉沅?1bb50ab,,,126.841960,37.550884
占썬끉沅?1bb50ba,796.35,796.3500000000000000000000000000000,126.841941,37.553137
占썬끉沅?1bb50bb,36513.35,36513.3499999999000000000000000000000,126.841921,37.555391
占썬끉沅?1bb51aa,7810.49,7810.4899999999900000000000000000000,126.841901,37.557644
占썬끉沅?1bb51ab,7071.59,7071.5900000000000000000000000000000,126.841881,37.559897
占썬끉沅?1bb51ba,23466.88,23466.8800000000000000000000000000000,126.841861,37.562150
占썬끉沅?1bb51bb,19570.45,19570.4500000000000000000000000000000,126.841842,37.564404
占썬끉沅?1bb52aa,1109.30,1109.2999999999900000000000000000000,126.841822,37.566657
占썬끉沅?1bb52ab,1038.43,1038.4300000000000000000000000000000,126.841802,37.568910
占썬끉沅?1bb52ba,3331.75,3331.7500000000000000000000000000000,126.841782,37.571163
占썬끉沅?1bb52bb,1122.69,1122.6900000000000000000000000000000,126.841762,37.573417
占썬끉沅?1bb53aa,,,126.841742,37.575670
占썬끉沅?1bb53ab,,,126.841723,37.577923
占썬끉沅?1bb53ba,,,126.841703,37.580176
占썬끉沅?2aa47ba,,,126.845007,37.526114
占썬끉沅?2aa47bb,270.01,270.0099999999990000000000000000000,126.844988,37.528367
占썬끉沅?2aa48aa,340.92,340.9200000000000000000000000000000,126.844968,37.530621
占썬끉沅?2aa48ab,303.25,303.2500000000000000000000000000000,126.844948,37.532874
占썬끉沅?2aa48ba,306.60,306.6000000000000000000000000000000,126.844929,37.535127
占썬끉沅?2aa48bb,263.09,263.0899999999990000000000000000000,126.844909,37.537380
占썬끉沅?2aa49aa,256.96,256.9599999999990000000000000000000,126.844889,37.539634
占썬끉沅?2aa49ab,293.04,293.0400000000000000000000000000000,126.844869,37.541887
占썬끉沅?2aa49ba,281.66,281.6600000000000000000000000000000,126.844850,37.544140
占썬끉沅?2aa49bb,304.28,304.2799999999990000000000000000000,126.844830,37.546393
占썬끉沅?2aa50aa,332.49,332.4900000000000000000000000000000,126.844810,37.548647
占썬끉沅?2aa50ab,333.62,333.6200000000000000000000000000000,126.844791,37.550900
占썬끉沅?2aa50ba,10562.76,10562.7600000000000000000000000000000,126.844771,37.553153
占썬끉沅?2aa50bb,557.74,557.7400000000000000000000000000000,126.844751,37.555406
占썬끉沅?2aa51aa,2976.85,2976.8499999999900000000000000000000,126.844731,37.557660
占썬끉沅?2aa51ab,10720.54,10720.5400000000000000000000000000000,126.844712,37.559913
占썬끉沅?2aa51ba,28843.53,28843.5299999999000000000000000000000,126.844692,37.562166
占썬끉沅?2aa51bb,20858.53,20858.5299999999000000000000000000000,126.844672,37.564419
占썬끉沅?2aa52aa,1503.50,1503.5000000000000000000000000000000,126.844652,37.566673
占썬끉沅?2aa52ab,22639.64,22639.6399999999000000000000000000000,126.844633,37.568926
占썬끉沅?2aa52ba,13993.40,13993.3999999999000000000000000000000,126.844613,37.571179
占썬끉沅?2aa52bb,,,126.844593,37.573432
占썬끉沅?2aa53aa,,,126.844573,37.575686
占썬끉沅?2aa53ab,,,126.844554,37.577939
占썬끉沅?2ab47bb,357.95,357.9499999999990000000000000000000,126.847817,37.528383
占썬끉沅?2ab48aa,319.46,319.4599999999990000000000000000000,126.847797,37.530636
占썬끉沅?2ab48ab,261.19,261.1899999999990000000000000000000,126.847778,37.532890
占썬끉沅?2ab48ba,227.08,227.0800000000000000000000000000000,126.847758,37.535143
占썬끉沅?2ab48bb,249.41,249.4099999999990000000000000000000,126.847739,37.537396
占썬끉沅?2ab49aa,279.39,279.3899999999990000000000000000000,126.847719,37.539649
占썬끉沅?2ab49ab,214.98,214.9799999999990000000000000000000,126.847699,37.541903
占썬끉沅?2ab49ba,522.78,522.7799999999990000000000000000000,126.847680,37.544156
占썬끉沅?2ab49bb,263.52,263.5199999999990000000000000000000,126.847660,37.546409
占썬끉沅?2ab50aa,440.07,440.0699999999990000000000000000000,126.847640,37.548662
占썬끉沅?2ab50ab,276.87,276.8700000000000000000000000000000,126.847621,37.550916
占썬끉沅?2ab50ba,1243.11,1243.1099999999900000000000000000000,126.847601,37.553169
占썬끉沅?2ab50bb,61815.70,61815.6999999999000000000000000000000,126.847581,37.555422
占썬끉沅?2ab51aa,3894.60,3894.5999999999900000000000000000000,126.847562,37.557675
占썬끉沅?2ab51ab,11501.61,11501.6100000000000000000000000000000,126.847542,37.559929
占썬끉沅?2ab51ba,19800.89,19800.8899999999000000000000000000000,126.847522,37.562182
占썬끉沅?2ab51bb,10322.48,10322.4799999999000000000000000000000,126.847503,37.564435
占썬끉沅?2ab52aa,55537.17,55537.1699999999000000000000000000000,126.847483,37.566688
占썬끉沅?2ab52ab,13360.32,13360.3199999999000000000000000000000,126.847464,37.568942
占썬끉沅?2ab52ba,40328.96,40328.9599999999000000000000000000000,126.847444,37.571195
占썬끉沅?2ab52bb,,,126.847424,37.573448
占썬끉沅?2ab53aa,,,126.847405,37.575701
占썬끉沅?2ab53ab,,,126.847385,37.577954
占썬끉沅?2ba47bb,316.54,316.5400000000000000000000000000000,126.850646,37.528399
占썬끉沅?2ba48aa,218.07,218.0699999999990000000000000000000,126.850627,37.530652
占썬끉沅?2ba48ab,251.65,251.6500000000000000000000000000000,126.850607,37.532905
占썬끉沅?2ba48ba,259.73,259.7300000000000000000000000000000,126.850588,37.535158
占썬끉沅?2ba48bb,333.33,333.3299999999990000000000000000000,126.850568,37.537412
占썬끉沅?2ba49aa,263.52,263.5199999999990000000000000000000,126.850549,37.539665
占썬끉沅?2ba49ab,443.48,443.4800000000000000000000000000000,126.850529,37.541918
占썬끉沅?2ba49ba,241.91,241.9099999999990000000000000000000,126.850509,37.544171
占썬끉沅?2ba49bb,219.99,219.9900000000000000000000000000000,126.850490,37.546425
占썬끉沅?2ba50aa,244.10,244.0999999999990000000000000000000,126.850470,37.548678
占썬끉沅?2ba50ab,969.11,969.1100000000000000000000000000000,126.850451,37.550931
占썬끉沅?2ba50ba,399.82,399.8199999999990000000000000000000,126.850431,37.553184
占썬끉沅?2ba50bb,14605.94,14605.9400000000000000000000000000000,126.850412,37.555438
占썬끉沅?2ba51aa,2389.94,2389.9400000000000000000000000000000,126.850392,37.557691
占썬끉沅?2ba51ab,10737.00,10737.0000000000000000000000000000000,126.850373,37.559944
占썬끉沅?2ba51ba,2272.08,2272.0799999999900000000000000000000,126.850353,37.562197
占썬끉沅?2ba51bb,11707.47,11707.4699999999000000000000000000000,126.850333,37.564451
占썬끉沅?2ba52aa,18035.86,18035.8600000000000000000000000000000,126.850314,37.566704
占썬끉沅?2ba52ab,5622.05,5622.0500000000000000000000000000000,126.850294,37.568957
占썬끉沅?2ba52ba,17487.40,17487.4000000000000000000000000000000,126.850275,37.571210
占썬끉沅?2ba52bb,,,126.850255,37.573464
占썬끉沅?2ba53aa,,,126.850236,37.575717
占썬끉沅?2bb47bb,311.30,311.3000000000000000000000000000000,126.853476,37.528414
占썬끉沅?2bb48aa,225.59,225.5900000000000000000000000000000,126.853456,37.530667
占썬끉沅?2bb48ab,652.75,652.7500000000000000000000000000000,126.853437,37.532921
占썬끉沅?2bb48ba,278.23,278.2300000000000000000000000000000,126.853417,37.535174
占썬끉沅?2bb48bb,1020.37,1020.3700000000000000000000000000000,126.853398,37.537427
占썬끉沅?2bb49aa,323.65,323.6499999999990000000000000000000,126.853378,37.539680
占썬끉沅?2bb49ab,242.04,242.0399999999990000000000000000000,126.853359,37.541934
占썬끉沅?2bb49ba,,,126.853339,37.544187
占썬끉沅?2bb49bb,247.42,247.4199999999990000000000000000000,126.853320,37.546440
占썬끉沅?2bb50aa,566.61,566.6100000000000000000000000000000,126.853300,37.548693
占썬끉沅?2bb50ab,337.47,337.4700000000000000000000000000000,126.853281,37.550947
占썬끉沅?2bb50ba,341.23,341.2300000000000000000000000000000,126.853261,37.553200
占썬끉沅?2bb50bb,813.00,813.0000000000000000000000000000000,126.853242,37.555453
占썬끉沅?2bb51aa,5150.88,5150.8800000000000000000000000000000,126.853223,37.557706
占썬끉沅?2bb51ab,30340.79,30340.7900000000000000000000000000000,126.853203,37.559960
占썬끉沅?2bb51ba,6078.63,6078.6300000000000000000000000000000,126.853184,37.562213
占썬끉沅?2bb51bb,31074.06,31074.0600000000000000000000000000000,126.853164,37.564466
占썬끉沅?2bb52aa,31820.19,31820.1899999999000000000000000000000,126.853145,37.566719
占썬끉沅?2bb52ab,,,126.853125,37.568973
占썬끉沅?2bb52ba,,,126.853106,37.571226
占썬끉沅?2bb52bb,,,126.853086,37.573479
占썬끉沅?3aa47bb,514.46,514.4600000000000000000000000000000,126.856305,37.528430
占썬끉沅?3aa48aa,213.39,213.3899999999990000000000000000000,126.856285,37.530683
占썬끉沅?3aa48ab,260.89,260.8899999999990000000000000000000,126.856266,37.532936
占썬끉沅?3aa48ba,206.63,206.6299999999990000000000000000000,126.856247,37.535189
占썬끉沅?3aa48bb,567.24,567.2400000000000000000000000000000,126.856227,37.537443
占썬끉沅?3aa49aa,3439.96,3439.9600000000000000000000000000000,126.856208,37.539696
占썬끉沅?3aa49ab,4928.33,4928.3299999999900000000000000000000,126.856189,37.541949
占썬끉沅?3aa49ba,,,126.856169,37.544202
占썬끉沅?3aa49bb,9944.93,9944.9300000000000000000000000000000,126.856150,37.546456
占썬끉沅?3aa50aa,,,126.856130,37.548709
占썬끉沅?3aa50ab,3177.14,3177.1399999999900000000000000000000,126.856111,37.550962
占썬끉沅?3aa50ba,2139.98,2139.9800000000000000000000000000000,126.856092,37.553215
占썬끉沅?3aa50bb,767.15,767.1499999999990000000000000000000,126.856072,37.555469
占썬끉沅?3aa51aa,3900.28,3900.2800000000000000000000000000000,126.856053,37.557722
占썬끉沅?3aa51ab,6127.27,6127.2700000000000000000000000000000,126.856034,37.559975
占썬끉沅?3aa51ba,28984.66,28984.6599999999000000000000000000000,126.856014,37.562228
占썬끉沅?3aa51bb,30750.45,30750.4500000000000000000000000000000,126.855995,37.564482
占썬끉沅?3aa52aa,17884.87,17884.8699999999000000000000000000000,126.855975,37.566735
占썬끉沅?3aa52ab,,,126.855956,37.568988
占썬끉沅?3aa52ba,,,126.855937,37.571241
占썬끉沅?3ab47bb,852.75,852.7500000000000000000000000000000,126.859134,37.528445
占썬끉沅?3ab48aa,272.64,272.6399999999990000000000000000000,126.859115,37.530698
占썬끉沅?3ab48ab,270.31,270.3100000000000000000000000000000,126.859096,37.532951
占썬끉沅?3ab48ba,264.20,264.1999999999990000000000000000000,126.859076,37.535205
占썬끉沅?3ab48bb,275.72,275.7200000000000000000000000000000,126.859057,37.537458
占썬끉沅?3ab49aa,555.47,555.4700000000000000000000000000000,126.859038,37.539711
占썬끉沅?3ab49ab,86045.80,86045.8000000000000000000000000000000,126.859018,37.541965
占썬끉沅?3ab49ba,41354.14,41354.1399999998000000000000000000000,126.858999,37.544218
占썬끉沅?3ab49bb,778.16,778.1599999999990000000000000000000,126.858980,37.546471
占썬끉沅?3ab50aa,1564.96,1564.9600000000000000000000000000000,126.858960,37.548724
占썬끉沅?3ab50ab,238.65,238.6500000000000000000000000000000,126.858941,37.550978
占썬끉沅?3ab50ba,6979.83,6979.8299999999900000000000000000000,126.858922,37.553231
占썬끉沅?3ab50bb,868.82,868.8200000000000000000000000000000,126.858903,37.555484
占썬끉沅?3ab51aa,3572.92,3572.9200000000000000000000000000000,126.858883,37.557737
占썬끉沅?3ab51ab,5978.89,5978.8900000000000000000000000000000,126.858864,37.559991
占썬끉沅?3ab51ba,27837.80,27837.7999999999000000000000000000000,126.858845,37.562244
占썬끉沅?3ab51bb,50654.83,50654.8300000000000000000000000000000,126.858825,37.564497
占썬끉沅?3ab52aa,,,126.858806,37.566750
占썬끉沅?3ab52ab,,,126.858787,37.569004
占썬끉沅?3ba47bb,,,126.861963,37.528460
占썬끉沅?3ba48aa,223.79,223.7899999999990000000000000000000,126.861944,37.530714
占썬끉沅?3ba48ab,283.93,283.9300000000000000000000000000000,126.861925,37.532967
占썬끉沅?3ba48ba,320.70,320.6999999999990000000000000000000,126.861906,37.535220
占썬끉沅?3ba48bb,257.15,257.1499999999990000000000000000000,126.861887,37.537473
占썬끉沅?3ba49aa,5812.97,5812.9700000000000000000000000000000,126.861867,37.539727
占썬끉沅?3ba49ab,30414.41,30414.4099999999000000000000000000000,126.861848,37.541980
占썬끉沅?3ba49ba,61538.06,61538.0600000000000000000000000000000,126.861829,37.544233
占썬끉沅?3ba49bb,847.89,847.8899999999990000000000000000000,126.861810,37.546486
占썬끉沅?3ba50aa,1269.76,1269.7599999999900000000000000000000,126.861791,37.548740
占썬끉沅?3ba50ab,537.39,537.3899999999990000000000000000000,126.861771,37.550993
占썬끉沅?3ba50ba,1550.04,1550.0399999999900000000000000000000,126.861752,37.553246
占썬끉沅?3ba50bb,2048.76,2048.7600000000000000000000000000000,126.861733,37.555499
占썬끉沅?3ba51aa,5030.69,5030.6899999999900000000000000000000,126.861714,37.557753
占썬끉沅?3ba51ab,14355.12,14355.1200000000000000000000000000000,126.861694,37.560006
占썬끉沅?3ba51ba,50654.83,50654.8300000000000000000000000000000,126.861675,37.562259
占썬끉沅?3ba51bb,,,126.861656,37.564512
占썬끉沅?3ba52aa,,,126.861637,37.566766
占썬끉沅?3bb48aa,570.39,570.3899999999990000000000000000000,126.864773,37.530729
占썬끉沅?3bb48ab,591.12,591.1200000000000000000000000000000,126.864754,37.532982
占썬끉沅?3bb48ba,,,126.864735,37.535235
占썬끉沅?3bb48bb,409.85,409.8500000000000000000000000000000,126.864716,37.537489
占썬끉沅?3bb49aa,4380.60,4380.6000000000000000000000000000000,126.864697,37.539742
占썬끉沅?3bb49ab,,,126.864678,37.541995
占썬끉沅?3bb50aa,384.38,384.3799999999990000000000000000000,126.864621,37.548755
占썬끉沅?3bb50ab,571.68,571.6799999999990000000000000000000,126.864601,37.551008
占썬끉沅?3bb50ba,1257.57,1257.5699999999900000000000000000000,126.864582,37.553261
占썬끉沅?3bb50bb,3777.48,3777.4800000000000000000000000000000,126.864563,37.555515
占썬끉沅?3bb51aa,9771.19,9771.1900000000000000000000000000000,126.864544,37.557768
占썬끉沅?3bb51ab,10302.14,10302.1399999999000000000000000000000,126.864525,37.560021
占썬끉沅?3bb51ba,22002.90,22002.9000000000000000000000000000000,126.864506,37.562274
占썬끉沅?3bb51bb,,,126.864487,37.564528
占썬끉沅?4aa50aa,113.95,113.9500000000000000000000000000000,126.867451,37.548770
占썬끉沅?4aa50ab,3357.28,3357.2800000000000000000000000000000,126.867432,37.551023
占썬끉沅?4aa50ba,4284.09,4284.0900000000000000000000000000000,126.867412,37.553277
占썬끉沅?4aa50bb,6682.34,6682.3400000000000000000000000000000,126.867393,37.555530
占썬끉沅?4aa51aa,11082.47,11082.4699999999000000000000000000000,126.867374,37.557783
占썬끉沅?4aa51ab,793.00,793.0000000000000000000000000000000,126.867355,37.560036
占썬끉沅?4aa51ba,,,126.867336,37.562290
占썬끉沅?4ab49bb,641.10,641.1000000000000000000000000000000,126.870300,37.546532
占썬끉沅?4ab50aa,6303.18,6303.1800000000000000000000000000000,126.870281,37.548785
占썬끉沅?4ab50ab,3571.15,3571.1500000000000000000000000000000,126.870262,37.551038
占썬끉沅?4ab50ba,2974.00,2974.0000000000000000000000000000000,126.870243,37.553292
占썬끉沅?4ab50bb,1890.00,1890.0000000000000000000000000000000,126.870224,37.555545
占썬끉沅?4ab51aa,26161.80,26161.7999999999000000000000000000000,126.870205,37.557798
占썬끉沅?4ab51ab,,,126.870186,37.560052
占썬끉沅?4ab51ba,,,126.870167,37.562305
占썬끉沅?4ba49bb,2289.73,2289.7300000000000000000000000000000,126.873130,37.546547
占썬끉沅?4ba50aa,10114.24,10114.2399999999000000000000000000000,126.873111,37.548800
占썬끉沅?4ba50ab,5079.52,5079.5200000000000000000000000000000,126.873092,37.551054
占썬끉沅?4ba50ba,6211.37,6211.3699999999900000000000000000000,126.873073,37.553307
占썬끉沅?4ba50bb,14948.89,14948.8899999999000000000000000000000,126.873054,37.555560
占썬끉沅?4ba51aa,,,126.873035,37.557813
占썬끉沅?4ba51ab,,,126.873016,37.560067
占썬끉沅?4bb49bb,1458.94,1458.9400000000000000000000000000000,126.875960,37.546562
占썬끉沅?4bb50aa,1402.33,1402.3299999999900000000000000000000,126.875941,37.548815
占썬끉沅?4bb50ab,3664.58,3664.5799999999900000000000000000000,126.875922,37.551069
占썬끉沅?4bb50ba,9593.43,9593.4300000000000000000000000000000,126.875903,37.553322
占썬끉沅?4bb50bb,,,126.875884,37.555575
占썬끉沅?4bb51aa,,,126.875866,37.557828
占썬끉沅?4bb51ab,,,126.875847,37.560082
占썬끉沅?5aa49bb,1114.30,1114.2999999999900000000000000000000,126.878789,37.546577
占썬끉沅?5aa50aa,6586.76,6586.7600000000000000000000000000000,126.878771,37.548830
占썬끉沅?5aa50ab,9710.44,9710.4400000000000000000000000000000,126.878752,37.551083
占썬끉沅?5aa50ba,,,126.878733,37.553337
占썬끉沅?5aa50bb,,,126.878715,37.555590
占썬끉沅?5aa51aa,,,126.878696,37.557843
占썬끉沅?5ab50aa,,,126.881601,37.548845
占썬끉沅?5ab50bb,,,126.881545,37.555605
